ParicleSize,  IntensityPSD, , ParicleSize,  IntensityPSD, , ParicleSize,  IntensityPSD, , ParicleSize,  IntensityPSD, , ParicleSize,  IntensityPSD
5.000000e+00,  0.000000e+00, , 5.000000e+00,  0.000000e+00, , 5.000000e+00,  0.000000e+00, , 5.000000e+00,  0.000000e+00, , 5.000000e+00,  0.000000e+00
5.237261e+00,  0.000000e+00, , 5.237261e+00,  0.000000e+00, , 5.237261e+00,  0.000000e+00, , 5.237261e+00,  0.000000e+00, , 5.237261e+00,  0.000000e+00
5.485781e+00,  0.000000e+00, , 5.485781e+00,  0.000000e+00, , 5.485781e+00,  0.000000e+00, , 5.485781e+00,  0.000000e+00, , 5.485781e+00,  0.000000e+00
5.746094e+00,  0.000000e+00, , 5.746094e+00,  0.000000e+00, , 5.746094e+00,  0.000000e+00, , 5.746094e+00,  0.000000e+00, , 5.746094e+00,  0.000000e+00
6.018758e+00,  0.000000e+00, , 6.018758e+00,  0.000000e+00, , 6.018758e+00,  0.000000e+00, , 6.018758e+00,  0.000000e+00, , 6.018758e+00,  0.000000e+00
6.304362e+00,  0.000000e+00, , 6.304362e+00,  0.000000e+00, , 6.304362e+00,  0.000000e+00, , 6.304362e+00,  0.000000e+00, , 6.304362e+00,  0.000000e+00
6.603518e+00,  0.000000e+00, , 6.603518e+00,  0.000000e+00, , 6.603518e+00,  0.000000e+00, , 6.603518e+00,  0.000000e+00, , 6.603518e+00,  0.000000e+00
6.916870e+00,  0.000000e+00, , 6.916870e+00,  0.000000e+00, , 6.916870e+00,  0.000000e+00, , 6.916870e+00,  0.000000e+00, , 6.916870e+00,  0.000000e+00
7.245091e+00,  0.000000e+00, , 7.245091e+00,  0.000000e+00, , 7.245091e+00,  0.000000e+00, , 7.245091e+00,  0.000000e+00, , 7.245091e+00,  0.000000e+00
7.588887e+00,  0.000000e+00, , 7.588887e+00,  0.000000e+00, , 7.588887e+00,  0.000000e+00, , 7.588887e+00,  0.000000e+00, , 7.588887e+00,  0.000000e+00
7.948996e+00,  0.000000e+00, , 7.948996e+00,  0.000000e+00, , 7.948996e+00,  0.000000e+00, , 7.948996e+00,  0.000000e+00, , 7.948996e+00,  0.000000e+00
8.326194e+00,  0.000000e+00, , 8.326194e+00,  0.000000e+00, , 8.326194e+00,  0.000000e+00, , 8.326194e+00,  0.000000e+00, , 8.326194e+00,  0.000000e+00
8.721290e+00,  0.000000e+00, , 8.721290e+00,  0.000000e+00, , 8.721290e+00,  0.000000e+00, , 8.721290e+00,  0.000000e+00, , 8.721290e+00,  0.000000e+00
9.135135e+00,  0.000000e+00, , 9.135135e+00,  0.000000e+00, , 9.135135e+00,  0.000000e+00, , 9.135135e+00,  0.000000e+00, , 9.135135e+00,  0.000000e+00
9.568618e+00,  0.000000e+00, , 9.568618e+00,  0.000000e+00, , 9.568618e+00,  0.000000e+00, , 9.568618e+00,  0.000000e+00, , 9.568618e+00,  0.000000e+00
1.002267e+01,  0.000000e+00, , 1.002267e+01,  0.000000e+00, , 1.002267e+01,  0.000000e+00, , 1.002267e+01,  0.000000e+00, , 1.002267e+01,  0.000000e+00
1.049827e+01,  0.000000e+00, , 1.049827e+01,  0.000000e+00, , 1.049827e+01,  0.000000e+00, , 1.049827e+01,  0.000000e+00, , 1.049827e+01,  0.000000e+00
1.099643e+01,  0.000000e+00, , 1.099643e+01,  0.000000e+00, , 1.099643e+01,  0.000000e+00, , 1.099643e+01,  0.000000e+00, , 1.099643e+01,  0.000000e+00
1.151824e+01,  0.000000e+00, , 1.151824e+01,  0.000000e+00, , 1.151824e+01,  0.000000e+00, , 1.151824e+01,  0.000000e+00, , 1.151824e+01,  0.000000e+00
1.206481e+01,  0.000000e+00, , 1.206481e+01,  0.000000e+00, , 1.206481e+01,  0.000000e+00, , 1.206481e+01,  0.000000e+00, , 1.206481e+01,  0.000000e+00
1.263731e+01,  0.000000e+00, , 1.263731e+01,  0.000000e+00, , 1.263731e+01,  0.000000e+00, , 1.263731e+01,  0.000000e+00, , 1.263731e+01,  0.000000e+00
1.323698e+01,  0.000000e+00, , 1.323698e+01,  0.000000e+00, , 1.323698e+01,  0.000000e+00, , 1.323698e+01,  0.000000e+00, , 1.323698e+01,  0.000000e+00
1.386510e+01,  0.000000e+00, , 1.386510e+01,  0.000000e+00, , 1.386510e+01,  0.000000e+00, , 1.386510e+01,  0.000000e+00, , 1.386510e+01,  0.000000e+00
1.452303e+01,  0.000000e+00, , 1.452303e+01,  0.000000e+00, , 1.452303e+01,  0.000000e+00, , 1.452303e+01,  0.000000e+00, , 1.452303e+01,  0.000000e+00
1.521218e+01,  0.000000e+00, , 1.521218e+01,  0.000000e+00, , 1.521218e+01,  0.000000e+00, , 1.521218e+01,  0.000000e+00, , 1.521218e+01,  0.000000e+00
1.593403e+01,  0.000000e+00, , 1.593403e+01,  0.000000e+00, , 1.593403e+01,  0.000000e+00, , 1.593403e+01,  0.000000e+00, , 1.593403e+01,  0.000000e+00
1.669014e+01,  0.000000e+00, , 1.669014e+01,  0.000000e+00, , 1.669014e+01,  0.000000e+00, , 1.669014e+01,  0.000000e+00, , 1.669014e+01,  0.000000e+00
1.748212e+01,  0.000000e+00, , 1.748212e+01,  0.000000e+00, , 1.748212e+01,  0.000000e+00, , 1.748212e+01,  0.000000e+00, , 1.748212e+01,  0.000000e+00
1.831169e+01,  0.000000e+00, , 1.831169e+01,  0.000000e+00, , 1.831169e+01,  0.000000e+00, , 1.831169e+01,  0.000000e+00, , 1.831169e+01,  0.000000e+00
1.918062e+01,  0.000000e+00, , 1.918062e+01,  0.000000e+00, , 1.918062e+01,  0.000000e+00, , 1.918062e+01,  0.000000e+00, , 1.918062e+01,  0.000000e+00
2.009078e+01,  0.000000e+00, , 2.009078e+01,  0.000000e+00, , 2.009078e+01,  0.000000e+00, , 2.009078e+01,  0.000000e+00, , 2.009078e+01,  0.000000e+00
2.104413e+01,  0.000000e+00, , 2.104413e+01,  0.000000e+00, , 2.104413e+01,  0.000000e+00, , 2.104413e+01,  0.000000e+00, , 2.104413e+01,  0.000000e+00
2.204273e+01,  0.000000e+00, , 2.204273e+01,  0.000000e+00, , 2.204273e+01,  0.000000e+00, , 2.204273e+01,  0.000000e+00, , 2.204273e+01,  0.000000e+00
2.308870e+01,  0.000000e+00, , 2.308870e+01,  0.000000e+00, , 2.308870e+01,  0.000000e+00, , 2.308870e+01,  0.000000e+00, , 2.308870e+01,  0.000000e+00
2.418431e+01,  0.000000e+00, , 2.418431e+01,  0.000000e+00, , 2.418431e+01,  0.000000e+00, , 2.418431e+01,  0.000000e+00, , 2.418431e+01,  0.000000e+00
2.533191e+01,  0.000000e+00, , 2.533191e+01,  0.000000e+00, , 2.533191e+01,  0.000000e+00, , 2.533191e+01,  0.000000e+00, , 2.533191e+01,  0.000000e+00
2.653397e+01,  0.000000e+00, , 2.653397e+01,  0.000000e+00, , 2.653397e+01,  0.000000e+00, , 2.653397e+01,  0.000000e+00, , 2.653397e+01,  0.000000e+00
2.779307e+01,  0.000000e+00, , 2.779307e+01,  0.000000e+00, , 2.779307e+01,  0.000000e+00, , 2.779307e+01,  0.000000e+00, , 2.779307e+01,  0.000000e+00
2.911191e+01,  0.000000e+00, , 2.911191e+01,  0.000000e+00, , 2.911191e+01,  0.000000e+00, , 2.911191e+01,  0.000000e+00, , 2.911191e+01,  0.000000e+00
3.049333e+01,  0.000000e+00, , 3.049333e+01,  0.000000e+00, , 3.049333e+01,  0.000000e+00, , 3.049333e+01,  0.000000e+00, , 3.049333e+01,  0.000000e+00
3.194031e+01,  1.239454e-06, , 3.194031e+01,  1.239454e-06, , 3.194031e+01,  1.239454e-06, , 3.194031e+01,  1.239454e-06, , 3.194031e+01,  1.239454e-06
3.345595e+01,  6.629384e-06, , 3.345595e+01,  6.629384e-06, , 3.345595e+01,  6.629384e-06, , 3.345595e+01,  6.629384e-06, , 3.345595e+01,  6.629384e-06
3.504351e+01,  1.802141e-05, , 3.504351e+01,  1.802141e-05, , 3.504351e+01,  1.802141e-05, , 3.504351e+01,  1.802141e-05, , 3.504351e+01,  1.802141e-05
3.670640e+01,  3.644375e-05, , 3.670640e+01,  3.644375e-05, , 3.670640e+01,  3.644375e-05, , 3.670640e+01,  3.644375e-05, , 3.670640e+01,  3.644375e-05
3.844820e+01,  6.229487e-05, , 3.844820e+01,  6.229487e-05, , 3.844820e+01,  6.229487e-05, , 3.844820e+01,  6.229487e-05, , 3.844820e+01,  6.229487e-05
4.027266e+01,  9.550150e-05, , 4.027266e+01,  9.550150e-05, , 4.027266e+01,  9.550150e-05, , 4.027266e+01,  9.550150e-05, , 4.027266e+01,  9.550150e-05
4.218368e+01,  1.356468e-04, , 4.218368e+01,  1.356468e-04, , 4.218368e+01,  1.356468e-04, , 4.218368e+01,  1.356468e-04, , 4.218368e+01,  1.356468e-04
4.418539e+01,  1.820733e-04, , 4.418539e+01,  1.820733e-04, , 4.418539e+01,  1.820733e-04, , 4.418539e+01,  1.820733e-04, , 4.418539e+01,  1.820733e-04
4.628209e+01,  2.339658e-04, , 4.628209e+01,  2.339658e-04, , 4.628209e+01,  2.339658e-04, , 4.628209e+01,  2.339658e-04, , 4.628209e+01,  2.339658e-04
4.847828e+01,  2.904154e-04, , 4.847828e+01,  2.904154e-04, , 4.847828e+01,  2.904154e-04, , 4.847828e+01,  2.904154e-04, , 4.847828e+01,  2.904154e-04
5.077868e+01,  3.504710e-04, , 5.077868e+01,  3.504710e-04, , 5.077868e+01,  3.504710e-04, , 5.077868e+01,  3.504710e-04, , 5.077868e+01,  3.504710e-04
5.318824e+01,  4.131780e-04, , 5.318824e+01,  4.131780e-04, , 5.318824e+01,  4.131780e-04, , 5.318824e+01,  4.131780e-04, , 5.318824e+01,  4.131780e-04
5.571214e+01,  4.776071e-04, , 5.571214e+01,  4.776071e-04, , 5.571214e+01,  4.776071e-04, , 5.571214e+01,  4.776071e-04, , 5.571214e+01,  4.776071e-04
5.835581e+01,  5.428758e-04, , 5.835581e+01,  5.428758e-04, , 5.835581e+01,  5.428758e-04, , 5.835581e+01,  5.428758e-04, , 5.835581e+01,  5.428758e-04
6.112492e+01,  6.081638e-04, , 6.112492e+01,  6.081638e-04, , 6.112492e+01,  6.081638e-04, , 6.112492e+01,  6.081638e-04, , 6.112492e+01,  6.081638e-04
6.402544e+01,  6.727221e-04, , 6.402544e+01,  6.727221e-04, , 6.402544e+01,  6.727221e-04, , 6.402544e+01,  6.727221e-04, , 6.402544e+01,  6.727221e-04
6.706359e+01,  7.358791e-04, , 6.706359e+01,  7.358791e-04, , 6.706359e+01,  7.358791e-04, , 6.706359e+01,  7.358791e-04, , 6.706359e+01,  7.358791e-04
7.024590e+01,  7.970433e-04, , 7.024590e+01,  7.970433e-04, , 7.024590e+01,  7.970433e-04, , 7.024590e+01,  7.970433e-04, , 7.024590e+01,  7.970433e-04
7.357923e+01,  8.557030e-04, , 7.357923e+01,  8.557030e-04, , 7.357923e+01,  8.557030e-04, , 7.357923e+01,  8.557030e-04, , 7.357923e+01,  8.557030e-04
7.707073e+01,  9.114249e-04, , 7.707073e+01,  9.114249e-04, , 7.707073e+01,  9.114249e-04, , 7.707073e+01,  9.114249e-04, , 7.707073e+01,  9.114249e-04
8.072791e+01,  9.638507e-04, , 8.072791e+01,  9.638507e-04, , 8.072791e+01,  9.638507e-04, , 8.072791e+01,  9.638507e-04, , 8.072791e+01,  9.638507e-04
8.455863e+01,  1.012693e-03, , 8.455863e+01,  1.012693e-03, , 8.455863e+01,  1.012693e-03, , 8.455863e+01,  1.012693e-03, , 8.455863e+01,  1.012693e-03
8.857112e+01,  1.057730e-03, , 8.857112e+01,  1.057730e-03, , 8.857112e+01,  1.057730e-03, , 8.857112e+01,  1.057730e-03, , 8.857112e+01,  1.057730e-03
9.277402e+01,  1.098801e-03, , 9.277402e+01,  1.098801e-03, , 9.277402e+01,  1.098801e-03, , 9.277402e+01,  1.098801e-03, , 9.277402e+01,  1.098801e-03
9.717636e+01,  1.135801e-03, , 9.717636e+01,  1.135801e-03, , 9.717636e+01,  1.135801e-03, , 9.717636e+01,  1.135801e-03, , 9.717636e+01,  1.135801e-03
1.017876e+02,  1.168674e-03, , 1.017876e+02,  1.168674e-03, , 1.017876e+02,  1.168674e-03, , 1.017876e+02,  1.168674e-03, , 1.017876e+02,  1.168674e-03
1.066176e+02,  1.197408e-03, , 1.066176e+02,  1.197408e-03, , 1.066176e+02,  1.197408e-03, , 1.066176e+02,  1.197408e-03, , 1.066176e+02,  1.197408e-03
1.116769e+02,  1.222032e-03, , 1.116769e+02,  1.222032e-03, , 1.116769e+02,  1.222032e-03, , 1.116769e+02,  1.222032e-03, , 1.116769e+02,  1.222032e-03
1.169762e+02,  1.242605e-03, , 1.169762e+02,  1.242605e-03, , 1.169762e+02,  1.242605e-03, , 1.169762e+02,  1.242605e-03, , 1.169762e+02,  1.242605e-03
1.225270e+02,  1.259219e-03, , 1.225270e+02,  1.259219e-03, , 1.225270e+02,  1.259219e-03, , 1.225270e+02,  1.259219e-03, , 1.225270e+02,  1.259219e-03
1.283412e+02,  1.271988e-03, , 1.283412e+02,  1.271988e-03, , 1.283412e+02,  1.271988e-03, , 1.283412e+02,  1.271988e-03, , 1.283412e+02,  1.271988e-03
1.344312e+02,  1.281049e-03, , 1.344312e+02,  1.281049e-03, , 1.344312e+02,  1.281049e-03, , 1.344312e+02,  1.281049e-03, , 1.344312e+02,  1.281049e-03
1.408103e+02,  1.286554e-03, , 1.408103e+02,  1.286554e-03, , 1.408103e+02,  1.286554e-03, , 1.408103e+02,  1.286554e-03, , 1.408103e+02,  1.286554e-03
1.474921e+02,  1.288667e-03, , 1.474921e+02,  1.288667e-03, , 1.474921e+02,  1.288667e-03, , 1.474921e+02,  1.288667e-03, , 1.474921e+02,  1.288667e-03
1.544909e+02,  1.287564e-03, , 1.544909e+02,  1.287564e-03, , 1.544909e+02,  1.287564e-03, , 1.544909e+02,  1.287564e-03, , 1.544909e+02,  1.287564e-03
1.618218e+02,  1.283429e-03, , 1.618218e+02,  1.283429e-03, , 1.618218e+02,  1.283429e-03, , 1.618218e+02,  1.283429e-03, , 1.618218e+02,  1.283429e-03
1.695006e+02,  1.276448e-03, , 1.695006e+02,  1.276448e-03, , 1.695006e+02,  1.276448e-03, , 1.695006e+02,  1.276448e-03, , 1.695006e+02,  1.276448e-03
1.775438e+02,  1.266813e-03, , 1.775438e+02,  1.266813e-03, , 1.775438e+02,  1.266813e-03, , 1.775438e+02,  1.266813e-03, , 1.775438e+02,  1.266813e-03
1.859687e+02,  1.254714e-03, , 1.859687e+02,  1.254714e-03, , 1.859687e+02,  1.254714e-03, , 1.859687e+02,  1.254714e-03, , 1.859687e+02,  1.254714e-03
1.947933e+02,  1.240340e-03, , 1.947933e+02,  1.240340e-03, , 1.947933e+02,  1.240340e-03, , 1.947933e+02,  1.240340e-03, , 1.947933e+02,  1.240340e-03
2.040367e+02,  1.223880e-03, , 2.040367e+02,  1.223880e-03, , 2.040367e+02,  1.223880e-03, , 2.040367e+02,  1.223880e-03, , 2.040367e+02,  1.223880e-03
2.137187e+02,  1.205517e-03, , 2.137187e+02,  1.205517e-03, , 2.137187e+02,  1.205517e-03, , 2.137187e+02,  1.205517e-03, , 2.137187e+02,  1.205517e-03
2.238601e+02,  1.185430e-03, , 2.238601e+02,  1.185430e-03, , 2.238601e+02,  1.185430e-03, , 2.238601e+02,  1.185430e-03, , 2.238601e+02,  1.185430e-03
2.344828e+02,  1.163794e-03, , 2.344828e+02,  1.163794e-03, , 2.344828e+02,  1.163794e-03, , 2.344828e+02,  1.163794e-03, , 2.344828e+02,  1.163794e-03
2.456095e+02,  1.140775e-03, , 2.456095e+02,  1.140775e-03, , 2.456095e+02,  1.140775e-03, , 2.456095e+02,  1.140775e-03, , 2.456095e+02,  1.140775e-03
2.572642e+02,  1.116534e-03, , 2.572642e+02,  1.116534e-03, , 2.572642e+02,  1.116534e-03, , 2.572642e+02,  1.116534e-03, , 2.572642e+02,  1.116534e-03
2.694720e+02,  1.091225e-03, , 2.694720e+02,  1.091225e-03, , 2.694720e+02,  1.091225e-03, , 2.694720e+02,  1.091225e-03, , 2.694720e+02,  1.091225e-03
2.822590e+02,  1.064994e-03, , 2.822590e+02,  1.064994e-03, , 2.822590e+02,  1.064994e-03, , 2.822590e+02,  1.064994e-03, , 2.822590e+02,  1.064994e-03
2.956529e+02,  1.037980e-03, , 2.956529e+02,  1.037980e-03, , 2.956529e+02,  1.037980e-03, , 2.956529e+02,  1.037980e-03, , 2.956529e+02,  1.037980e-03
3.096822e+02,  1.010314e-03, , 3.096822e+02,  1.010314e-03, , 3.096822e+02,  1.010314e-03, , 3.096822e+02,  1.010314e-03, , 3.096822e+02,  1.010314e-03
3.243774e+02,  9.821190e-04, , 3.243774e+02,  9.821190e-04, , 3.243774e+02,  9.821190e-04, , 3.243774e+02,  9.821190e-04, , 3.243774e+02,  9.821190e-04
3.397698e+02,  9.535107e-04, , 3.397698e+02,  9.535107e-04, , 3.397698e+02,  9.535107e-04, , 3.397698e+02,  9.535107e-04, , 3.397698e+02,  9.535107e-04
3.558926e+02,  9.245971e-04, , 3.558926e+02,  9.245971e-04, , 3.558926e+02,  9.245971e-04, , 3.558926e+02,  9.245971e-04, , 3.558926e+02,  9.245971e-04
3.727805e+02,  8.954789e-04, , 3.727805e+02,  8.954789e-04, , 3.727805e+02,  8.954789e-04, , 3.727805e+02,  8.954789e-04, , 3.727805e+02,  8.954789e-04
3.904698e+02,  8.662493e-04, , 3.904698e+02,  8.662493e-04, , 3.904698e+02,  8.662493e-04, , 3.904698e+02,  8.662493e-04, , 3.904698e+02,  8.662493e-04
4.089985e+02,  8.369946e-04, , 4.089985e+02,  8.369946e-04, , 4.089985e+02,  8.369946e-04, , 4.089985e+02,  8.369946e-04, , 4.089985e+02,  8.369946e-04
4.284064e+02,  8.077943e-04, , 4.284064e+02,  8.077943e-04, , 4.284064e+02,  8.077943e-04, , 4.284064e+02,  8.077943e-04, , 4.284064e+02,  8.077943e-04
4.487352e+02,  7.787214e-04, , 4.487352e+02,  7.787214e-04, , 4.487352e+02,  7.787214e-04, , 4.487352e+02,  7.787214e-04, , 4.487352e+02,  7.787214e-04
4.700287e+02,  7.498426e-04, , 4.700287e+02,  7.498426e-04, , 4.700287e+02,  7.498426e-04, , 4.700287e+02,  7.498426e-04, , 4.700287e+02,  7.498426e-04
4.923326e+02,  7.212186e-04, , 4.923326e+02,  7.212186e-04, , 4.923326e+02,  7.212186e-04, , 4.923326e+02,  7.212186e-04, , 4.923326e+02,  7.212186e-04
5.156949e+02,  6.929044e-04, , 5.156949e+02,  6.929044e-04, , 5.156949e+02,  6.929044e-04, , 5.156949e+02,  6.929044e-04, , 5.156949e+02,  6.929044e-04
5.401658e+02,  6.649498e-04, , 5.401658e+02,  6.649498e-04, , 5.401658e+02,  6.649498e-04, , 5.401658e+02,  6.649498e-04, , 5.401658e+02,  6.649498e-04
5.657978e+02,  6.373992e-04, , 5.657978e+02,  6.373992e-04, , 5.657978e+02,  6.373992e-04, , 5.657978e+02,  6.373992e-04, , 5.657978e+02,  6.373992e-04
5.926462e+02,  6.102924e-04, , 5.926462e+02,  6.102924e-04, , 5.926462e+02,  6.102924e-04, , 5.926462e+02,  6.102924e-04, , 5.926462e+02,  6.102924e-04
6.207686e+02,  5.836647e-04, , 6.207686e+02,  5.836647e-04, , 6.207686e+02,  5.836647e-04, , 6.207686e+02,  5.836647e-04, , 6.207686e+02,  5.836647e-04
6.502255e+02,  5.575472e-04, , 6.502255e+02,  5.575472e-04, , 6.502255e+02,  5.575472e-04, , 6.502255e+02,  5.575472e-04, , 6.502255e+02,  5.575472e-04
6.810801e+02,  5.319671e-04, , 6.810801e+02,  5.319671e-04, , 6.810801e+02,  5.319671e-04, , 6.810801e+02,  5.319671e-04, , 6.810801e+02,  5.319671e-04
7.133989e+02,  5.069477e-04, , 7.133989e+02,  5.069477e-04, , 7.133989e+02,  5.069477e-04, , 7.133989e+02,  5.069477e-04, , 7.133989e+02,  5.069477e-04
7.472512e+02,  4.825092e-04, , 7.472512e+02,  4.825092e-04, , 7.472512e+02,  4.825092e-04, , 7.472512e+02,  4.825092e-04, , 7.472512e+02,  4.825092e-04
7.827100e+02,  4.586686e-04, , 7.827100e+02,  4.586686e-04, , 7.827100e+02,  4.586686e-04, , 7.827100e+02,  4.586686e-04, , 7.827100e+02,  4.586686e-04
8.198513e+02,  4.354399e-04, , 8.198513e+02,  4.354399e-04, , 8.198513e+02,  4.354399e-04, , 8.198513e+02,  4.354399e-04, , 8.198513e+02,  4.354399e-04
8.587551e+02,  4.128345e-04, , 8.587551e+02,  4.128345e-04, , 8.587551e+02,  4.128345e-04, , 8.587551e+02,  4.128345e-04, , 8.587551e+02,  4.128345e-04
8.995050e+02,  3.908615e-04, , 8.995050e+02,  3.908615e-04, , 8.995050e+02,  3.908615e-04, , 8.995050e+02,  3.908615e-04, , 8.995050e+02,  3.908615e-04
9.421885e+02,  3.695275e-04, , 9.421885e+02,  3.695275e-04, , 9.421885e+02,  3.695275e-04, , 9.421885e+02,  3.695275e-04, , 9.421885e+02,  3.695275e-04
9.868974e+02,  3.488373e-04, , 9.868974e+02,  3.488373e-04, , 9.868974e+02,  3.488373e-04, , 9.868974e+02,  3.488373e-04, , 9.868974e+02,  3.488373e-04
1.033728e+03,  3.287940e-04, , 1.033728e+03,  3.287940e-04, , 1.033728e+03,  3.287940e-04, , 1.033728e+03,  3.287940e-04, , 1.033728e+03,  3.287940e-04
1.082781e+03,  3.093986e-04, , 1.082781e+03,  3.093986e-04, , 1.082781e+03,  3.093986e-04, , 1.082781e+03,  3.093986e-04, , 1.082781e+03,  3.093986e-04
1.134161e+03,  2.906512e-04, , 1.134161e+03,  2.906512e-04, , 1.134161e+03,  2.906512e-04, , 1.134161e+03,  2.906512e-04, , 1.134161e+03,  2.906512e-04
1.187979e+03,  2.725501e-04, , 1.187979e+03,  2.725501e-04, , 1.187979e+03,  2.725501e-04, , 1.187979e+03,  2.725501e-04, , 1.187979e+03,  2.725501e-04
1.244352e+03,  2.550929e-04, , 1.244352e+03,  2.550929e-04, , 1.244352e+03,  2.550929e-04, , 1.244352e+03,  2.550929e-04, , 1.244352e+03,  2.550929e-04
1.303399e+03,  2.382757e-04, , 1.303399e+03,  2.382757e-04, , 1.303399e+03,  2.382757e-04, , 1.303399e+03,  2.382757e-04, , 1.303399e+03,  2.382757e-04
1.365248e+03,  2.220943e-04, , 1.365248e+03,  2.220943e-04, , 1.365248e+03,  2.220943e-04, , 1.365248e+03,  2.220943e-04, , 1.365248e+03,  2.220943e-04
1.430032e+03,  2.065432e-04, , 1.430032e+03,  2.065432e-04, , 1.430032e+03,  2.065432e-04, , 1.430032e+03,  2.065432e-04, , 1.430032e+03,  2.065432e-04
1.497891e+03,  1.916166e-04, , 1.497891e+03,  1.916166e-04, , 1.497891e+03,  1.916166e-04, , 1.497891e+03,  1.916166e-04, , 1.497891e+03,  1.916166e-04
1.568969e+03,  1.773080e-04, , 1.568969e+03,  1.773080e-04, , 1.568969e+03,  1.773080e-04, , 1.568969e+03,  1.773080e-04, , 1.568969e+03,  1.773080e-04
1.643420e+03,  1.636108e-04, , 1.643420e+03,  1.636108e-04, , 1.643420e+03,  1.636108e-04, , 1.643420e+03,  1.636108e-04, , 1.643420e+03,  1.636108e-04
1.721404e+03,  1.505176e-04, , 1.721404e+03,  1.505176e-04, , 1.721404e+03,  1.505176e-04, , 1.721404e+03,  1.505176e-04, , 1.721404e+03,  1.505176e-04
1.803088e+03,  1.380211e-04, , 1.803088e+03,  1.380211e-04, , 1.803088e+03,  1.380211e-04, , 1.803088e+03,  1.380211e-04, , 1.803088e+03,  1.380211e-04
1.888649e+03,  1.261138e-04, , 1.888649e+03,  1.261138e-04, , 1.888649e+03,  1.261138e-04, , 1.888649e+03,  1.261138e-04, , 1.888649e+03,  1.261138e-04
1.978269e+03,  1.147880e-04, , 1.978269e+03,  1.147880e-04, , 1.978269e+03,  1.147880e-04, , 1.978269e+03,  1.147880e-04, , 1.978269e+03,  1.147880e-04
2.072143e+03,  1.040362e-04, , 2.072143e+03,  1.040362e-04, , 2.072143e+03,  1.040362e-04, , 2.072143e+03,  1.040362e-04, , 2.072143e+03,  1.040362e-04
2.170471e+03,  9.385064e-05, , 2.170471e+03,  9.385064e-05, , 2.170471e+03,  9.385064e-05, , 2.170471e+03,  9.385064e-05, , 2.170471e+03,  9.385064e-05
2.273464e+03,  8.422399e-05, , 2.273464e+03,  8.422399e-05, , 2.273464e+03,  8.422399e-05, , 2.273464e+03,  8.422399e-05, , 2.273464e+03,  8.422399e-05
2.381345e+03,  7.514896e-05, , 2.381345e+03,  7.514896e-05, , 2.381345e+03,  7.514896e-05, , 2.381345e+03,  7.514896e-05, , 2.381345e+03,  7.514896e-05
2.494345e+03,  6.661851e-05, , 2.494345e+03,  6.661851e-05, , 2.494345e+03,  6.661851e-05, , 2.494345e+03,  6.661851e-05, , 2.494345e+03,  6.661851e-05
2.612708e+03,  5.862587e-05, , 2.612708e+03,  5.862587e-05, , 2.612708e+03,  5.862587e-05, , 2.612708e+03,  5.862587e-05, , 2.612708e+03,  5.862587e-05
2.736686e+03,  5.116461e-05, , 2.736686e+03,  5.116461e-05, , 2.736686e+03,  5.116461e-05, , 2.736686e+03,  5.116461e-05, , 2.736686e+03,  5.116461e-05
2.866548e+03,  4.422867e-05, , 2.866548e+03,  4.422867e-05, , 2.866548e+03,  4.422867e-05, , 2.866548e+03,  4.422867e-05, , 2.866548e+03,  4.422867e-05
3.002572e+03,  3.781237e-05, , 3.002572e+03,  3.781237e-05, , 3.002572e+03,  3.781237e-05, , 3.002572e+03,  3.781237e-05, , 3.002572e+03,  3.781237e-05
3.145051e+03,  3.191052e-05, , 3.145051e+03,  3.191052e-05, , 3.145051e+03,  3.191052e-05, , 3.145051e+03,  3.191052e-05, , 3.145051e+03,  3.191052e-05
3.294291e+03,  2.651838e-05, , 3.294291e+03,  2.651838e-05, , 3.294291e+03,  2.651838e-05, , 3.294291e+03,  2.651838e-05, , 3.294291e+03,  2.651838e-05
3.450612e+03,  2.163173e-05, , 3.450612e+03,  2.163173e-05, , 3.450612e+03,  2.163173e-05, , 3.450612e+03,  2.163173e-05, , 3.450612e+03,  2.163173e-05
3.614352e+03,  1.724690e-05, , 3.614352e+03,  1.724690e-05, , 3.614352e+03,  1.724690e-05, , 3.614352e+03,  1.724690e-05, , 3.614352e+03,  1.724690e-05
3.785861e+03,  1.336081e-05, , 3.785861e+03,  1.336081e-05, , 3.785861e+03,  1.336081e-05, , 3.785861e+03,  1.336081e-05, , 3.785861e+03,  1.336081e-05
3.965508e+03,  9.970951e-06, , 3.965508e+03,  9.970951e-06, , 3.965508e+03,  9.970951e-06, , 3.965508e+03,  9.970951e-06, , 3.965508e+03,  9.970951e-06
4.153681e+03,  7.075483e-06, , 4.153681e+03,  7.075483e-06, , 4.153681e+03,  7.075483e-06, , 4.153681e+03,  7.075483e-06, , 4.153681e+03,  7.075483e-06
4.350782e+03,  4.673207e-06, , 4.350782e+03,  4.673207e-06, , 4.350782e+03,  4.673207e-06, , 4.350782e+03,  4.673207e-06, , 4.350782e+03,  4.673207e-06
4.557236e+03,  2.763612e-06, , 4.557236e+03,  2.763612e-06, , 4.557236e+03,  2.763612e-06, , 4.557236e+03,  2.763612e-06, , 4.557236e+03,  2.763612e-06
4.773487e+03,  1.346904e-06, , 4.773487e+03,  1.346904e-06, , 4.773487e+03,  1.346904e-06, , 4.773487e+03,  1.346904e-06, , 4.773487e+03,  1.346904e-06
5.000000e+03,  8.681646e-07, , 5.000000e+03,  8.681646e-07, , 5.000000e+03,  8.681646e-07, , 5.000000e+03,  8.681646e-07, , 5.000000e+03,  8.681646e-07
