Property, Value
Time , 27-Nov-2019 10:28:57
Point, 1.000000e+00
Sample Name, ''
Batch code, mineraloil_tween80
Description, posriuelrsmfspmucprtce=t=1=2 15  0  
Comment, HPH continues measurement
Frequency, 1.000000e+00
Blocksize, 1.600000e+01
Duration, 1.000000e+04
Duration Unit, Measurements
Delay, 0.000000e+00
Max lag time, 2.000000e+03
Blocks to average, 4.000000e+00
Maximum depth, 1.000000e+03
Analysis Mode, flow
Solvent, Water
Manual Edge, ''
Set Temperature, ''
Particle refractive index, ''
Maximum depth analysed, 5.000000e+02
Edge boundary, 5.000000e+00
Moving average, 5.000000e+00
Quadratic flow fit, Linear
Minimum particle size, 5.000000e+00
Maximum particle size, 5.000000e+03
Number of size bins, 1.500000e+02
Regularization Lambda, 5.000000e+00
Fit limit for correlation, 1.000000e+00
Data Folder, D:\XsperGoData
Time, 27-Nov-2019 10:28:55
Z Average particle size (cumulant), 3.672128e+02
PDI (cumulant), 2.489069e-04
Shear Rate, 2.093136e+01
Mean size PSD, 8.382725e+02
D10 PSD, 1.416339e+02
D50 PSD, 5.545528e+02
D90 PSD, 1.906779e+03
Avr Peak PSD, 1.574110e+02
Zavr PSD, 3.427854e+02
PDI PSD, 8.733063e-01
Edge position (pixels), 7.600000e+01
Edge position from intercepts (pixels), 7.700000e+01
Last z value used in analysis (pixels), 5.000000e+02
Number of z points used in average, 5.000000e+00
Sample intensity, 1.759040e+05
Reference intensity, 3.900909e-01
Lambda, 5.000000e+00
Minimum particle size, 5.000000e+00
Maximum particle size, 5.000000e+03
Number of size points, 1.500000e+02

ParicleSize, IntensityPSD
5.000000e+00, 0.000000e+00
5.237261e+00, 0.000000e+00
5.485781e+00, 0.000000e+00
5.746094e+00, 0.000000e+00
6.018758e+00, 0.000000e+00
6.304362e+00, 0.000000e+00
6.603518e+00, 0.000000e+00
6.916870e+00, 0.000000e+00
7.245091e+00, 0.000000e+00
7.588887e+00, 0.000000e+00
7.948996e+00, 0.000000e+00
8.326194e+00, 0.000000e+00
8.721290e+00, 0.000000e+00
9.135135e+00, 0.000000e+00
9.568618e+00, 0.000000e+00
1.002267e+01, 0.000000e+00
1.049827e+01, 0.000000e+00
1.099643e+01, 0.000000e+00
1.151824e+01, 0.000000e+00
1.206481e+01, 0.000000e+00
1.263731e+01, 0.000000e+00
1.323698e+01, 0.000000e+00
1.386510e+01, 0.000000e+00
1.452303e+01, 0.000000e+00
1.521218e+01, 0.000000e+00
1.593403e+01, 0.000000e+00
1.669014e+01, 0.000000e+00
1.748212e+01, 0.000000e+00
1.831169e+01, 0.000000e+00
1.918062e+01, 0.000000e+00
2.009078e+01, 0.000000e+00
2.104413e+01, 0.000000e+00
2.204273e+01, 0.000000e+00
2.308870e+01, 0.000000e+00
2.418431e+01, 0.000000e+00
2.533191e+01, 0.000000e+00
2.653397e+01, 0.000000e+00
2.779307e+01, 0.000000e+00
2.911191e+01, 0.000000e+00
3.049333e+01, 0.000000e+00
3.194031e+01, 1.239454e-06
3.345595e+01, 6.629384e-06
3.504351e+01, 1.802141e-05
3.670640e+01, 3.644375e-05
3.844820e+01, 6.229487e-05
4.027266e+01, 9.550150e-05
4.218368e+01, 1.356468e-04
4.418539e+01, 1.820733e-04
4.628209e+01, 2.339658e-04
4.847828e+01, 2.904154e-04
5.077868e+01, 3.504710e-04
5.318824e+01, 4.131780e-04
5.571214e+01, 4.776071e-04
5.835581e+01, 5.428758e-04
6.112492e+01, 6.081638e-04
6.402544e+01, 6.727221e-04
6.706359e+01, 7.358791e-04
7.024590e+01, 7.970433e-04
7.357923e+01, 8.557030e-04
7.707073e+01, 9.114249e-04
8.072791e+01, 9.638507e-04
8.455863e+01, 1.012693e-03
8.857112e+01, 1.057730e-03
9.277402e+01, 1.098801e-03
9.717636e+01, 1.135801e-03
1.017876e+02, 1.168674e-03
1.066176e+02, 1.197408e-03
1.116769e+02, 1.222032e-03
1.169762e+02, 1.242605e-03
1.225270e+02, 1.259219e-03
1.283412e+02, 1.271988e-03
1.344312e+02, 1.281049e-03
1.408103e+02, 1.286554e-03
1.474921e+02, 1.288667e-03
1.544909e+02, 1.287564e-03
1.618218e+02, 1.283429e-03
1.695006e+02, 1.276448e-03
1.775438e+02, 1.266813e-03
1.859687e+02, 1.254714e-03
1.947933e+02, 1.240340e-03
2.040367e+02, 1.223880e-03
2.137187e+02, 1.205517e-03
2.238601e+02, 1.185430e-03
2.344828e+02, 1.163794e-03
2.456095e+02, 1.140775e-03
2.572642e+02, 1.116534e-03
2.694720e+02, 1.091225e-03
2.822590e+02, 1.064994e-03
2.956529e+02, 1.037980e-03
3.096822e+02, 1.010314e-03
3.243774e+02, 9.821190e-04
3.397698e+02, 9.535107e-04
3.558926e+02, 9.245971e-04
3.727805e+02, 8.954789e-04
3.904698e+02, 8.662493e-04
4.089985e+02, 8.369946e-04
4.284064e+02, 8.077943e-04
4.487352e+02, 7.787214e-04
4.700287e+02, 7.498426e-04
4.923326e+02, 7.212186e-04
5.156949e+02, 6.929044e-04
5.401658e+02, 6.649498e-04
5.657978e+02, 6.373992e-04
5.926462e+02, 6.102924e-04
6.207686e+02, 5.836647e-04
6.502255e+02, 5.575472e-04
6.810801e+02, 5.319671e-04
7.133989e+02, 5.069477e-04
7.472512e+02, 4.825092e-04
7.827100e+02, 4.586686e-04
8.198513e+02, 4.354399e-04
8.587551e+02, 4.128345e-04
8.995050e+02, 3.908615e-04
9.421885e+02, 3.695275e-04
9.868974e+02, 3.488373e-04
1.033728e+03, 3.287940e-04
1.082781e+03, 3.093986e-04
1.134161e+03, 2.906512e-04
1.187979e+03, 2.725501e-04
1.244352e+03, 2.550929e-04
1.303399e+03, 2.382757e-04
1.365248e+03, 2.220943e-04
1.430032e+03, 2.065432e-04
1.497891e+03, 1.916166e-04
1.568969e+03, 1.773080e-04
1.643420e+03, 1.636108e-04
1.721404e+03, 1.505176e-04
1.803088e+03, 1.380211e-04
1.888649e+03, 1.261138e-04
1.978269e+03, 1.147880e-04
2.072143e+03, 1.040362e-04
2.170471e+03, 9.385064e-05
2.273464e+03, 8.422399e-05
2.381345e+03, 7.514896e-05
2.494345e+03, 6.661851e-05
2.612708e+03, 5.862587e-05
2.736686e+03, 5.116461e-05
2.866548e+03, 4.422867e-05
3.002572e+03, 3.781237e-05
3.145051e+03, 3.191052e-05
3.294291e+03, 2.651838e-05
3.450612e+03, 2.163173e-05
3.614352e+03, 1.724690e-05
3.785861e+03, 1.336081e-05
3.965508e+03, 9.970951e-06
4.153681e+03, 7.075483e-06
4.350782e+03, 4.673207e-06
4.557236e+03, 2.763612e-06
4.773487e+03, 1.346904e-06
5.000000e+03, 8.681646e-07

number, time, CumulantZAverage, CumulantPDI, PSDMeanParticleSize, PSDpdi, d10, d50, d90, shearRate, temperature, edge, focus, refIntensity, quality, intensity, mainPeak, meanIntercept, avintensity
1.000000e+00, 1.323250e+00, 3.672128e+02, 2.489069e-04, 8.382725e+02, 8.733063e-01, 1.416339e+02, 5.545528e+02, 1.906779e+03, 2.093136e+01, 2.949625e+02, 7.600000e+01, 8.000000e+00, 3.900909e-01, 5.700000e+01, 1.759040e+05, 1.574110e+02, 4.209225e-01, 2.413480e+04

Time, Correlation, Squared
1.316250e-05, 9.973938e-01, 9.947944e-01
2.632500e-05, 9.947480e-01, 9.895236e-01
3.948750e-05, 9.920058e-01, 9.840754e-01
5.265000e-05, 9.893743e-01, 9.788614e-01
6.581250e-05, 9.867972e-01, 9.737687e-01
7.897500e-05, 9.842034e-01, 9.686563e-01
9.213750e-05, 9.815275e-01, 9.633962e-01
1.053000e-04, 9.788185e-01, 9.580857e-01
1.184625e-04, 9.761852e-01, 9.529376e-01
1.316250e-04, 9.736543e-01, 9.480027e-01
1.447875e-04, 9.711801e-01, 9.431908e-01
1.579500e-04, 9.686992e-01, 9.383781e-01
1.711125e-04, 9.660726e-01, 9.332963e-01
1.842750e-04, 9.635694e-01, 9.284659e-01
1.974375e-04, 9.610015e-01, 9.235238e-01
2.106000e-04, 9.584439e-01, 9.186147e-01
2.237625e-04, 9.558546e-01, 9.136581e-01
2.369250e-04, 9.532842e-01, 9.087508e-01
2.500875e-04, 9.506874e-01, 9.038064e-01
2.632500e-04, 9.481408e-01, 8.989709e-01
2.764125e-04, 9.457313e-01, 8.944077e-01
2.895750e-04, 9.432014e-01, 8.896288e-01
3.027375e-04, 9.405320e-01, 8.846005e-01
3.159000e-04, 9.379378e-01, 8.797274e-01
3.290625e-04, 9.355068e-01, 8.751730e-01
3.422250e-04, 9.332579e-01, 8.709703e-01
3.553875e-04, 9.307553e-01, 8.663054e-01
3.685500e-04, 9.281735e-01, 8.615061e-01
3.817125e-04, 9.255515e-01, 8.566455e-01
3.948750e-04, 9.234224e-01, 8.527089e-01
4.080375e-04, 9.208959e-01, 8.480493e-01
4.212000e-04, 9.184632e-01, 8.435747e-01
4.343625e-04, 9.159456e-01, 8.389564e-01
4.475250e-04, 9.133653e-01, 8.342361e-01
4.606875e-04, 9.108032e-01, 8.295625e-01
4.738500e-04, 9.083228e-01, 8.250503e-01
4.870125e-04, 9.058335e-01, 8.205343e-01
5.001750e-04, 9.033930e-01, 8.161189e-01
5.133375e-04, 9.008763e-01, 8.115780e-01
5.265000e-04, 8.983942e-01, 8.071121e-01
5.396625e-04, 8.958956e-01, 8.026288e-01
5.528250e-04, 8.933796e-01, 7.981272e-01
5.659875e-04, 8.909112e-01, 7.937227e-01
5.791500e-04, 8.884297e-01, 7.893074e-01
5.923125e-04, 8.859215e-01, 7.848569e-01
6.054750e-04, 8.834973e-01, 7.805675e-01
6.186375e-04, 8.810301e-01, 7.762140e-01
6.318000e-04, 8.786370e-01, 7.720030e-01
6.449625e-04, 8.762053e-01, 7.677357e-01
6.581250e-04, 8.735423e-01, 7.630762e-01
6.712875e-04, 8.711628e-01, 7.589247e-01
6.844500e-04, 8.687795e-01, 7.547778e-01
6.976125e-04, 8.664798e-01, 7.507873e-01
7.107750e-04, 8.645106e-01, 7.473785e-01
7.239375e-04, 8.620373e-01, 7.431084e-01
7.371000e-04, 8.595828e-01, 7.388826e-01
7.502625e-04, 8.572084e-01, 7.348063e-01
7.634250e-04, 8.548968e-01, 7.308485e-01
7.765875e-04, 8.526231e-01, 7.269661e-01
7.897500e-04, 8.502878e-01, 7.229894e-01
8.029125e-04, 8.479412e-01, 7.190044e-01
8.160750e-04, 8.455389e-01, 7.149360e-01
8.292375e-04, 8.432261e-01, 7.110303e-01
8.424000e-04, 8.409073e-01, 7.071252e-01
8.555625e-04, 8.386847e-01, 7.033921e-01
8.687250e-04, 8.363549e-01, 6.994895e-01
8.818875e-04, 8.340673e-01, 6.956683e-01
8.950500e-04, 8.317432e-01, 6.917968e-01
9.082125e-04, 8.294269e-01, 6.879489e-01
9.213750e-04, 8.271297e-01, 6.841435e-01
9.345375e-04, 8.248423e-01, 6.803648e-01
9.477000e-04, 8.225566e-01, 6.765993e-01
9.608625e-04, 8.202151e-01, 6.727527e-01
9.740250e-04, 8.179543e-01, 6.690492e-01
9.871875e-04, 8.160378e-01, 6.659178e-01
1.000350e-03, 8.137775e-01, 6.622338e-01
1.013512e-03, 8.115448e-01, 6.586049e-01
1.026675e-03, 8.095228e-01, 6.553271e-01
1.039837e-03, 8.073596e-01, 6.518295e-01
1.053000e-03, 8.051869e-01, 6.483259e-01
1.066162e-03, 8.029794e-01, 6.447759e-01
1.079325e-03, 8.006788e-01, 6.410866e-01
1.092487e-03, 7.984586e-01, 6.375362e-01
1.105650e-03, 7.962744e-01, 6.340530e-01
1.118812e-03, 7.941363e-01, 6.306524e-01
1.131975e-03, 7.918928e-01, 6.270941e-01
1.145137e-03, 7.898228e-01, 6.238201e-01
1.158300e-03, 7.876760e-01, 6.204335e-01
1.171462e-03, 7.855324e-01, 6.170612e-01
1.184625e-03, 7.834205e-01, 6.137477e-01
1.197787e-03, 7.814158e-01, 6.106107e-01
1.210950e-03, 7.793951e-01, 6.074567e-01
1.224112e-03, 7.773711e-01, 6.043059e-01
1.237275e-03, 7.759036e-01, 6.020265e-01
1.250437e-03, 7.738146e-01, 5.987891e-01
1.263600e-03, 7.711471e-01, 5.946679e-01
1.276762e-03, 7.691016e-01, 5.915173e-01
1.289925e-03, 7.676889e-01, 5.893462e-01
1.303087e-03, 7.650617e-01, 5.853194e-01
1.316250e-03, 7.629934e-01, 5.821589e-01
1.329412e-03, 7.615835e-01, 5.800094e-01
1.342575e-03, 7.595737e-01, 5.769521e-01
1.355737e-03, 7.575558e-01, 5.738908e-01
1.368900e-03, 7.555840e-01, 5.709071e-01
1.382062e-03, 7.535766e-01, 5.678777e-01
1.395225e-03, 7.516497e-01, 5.649773e-01
1.408387e-03, 7.496862e-01, 5.620293e-01
1.421550e-03, 7.476732e-01, 5.590152e-01
1.434712e-03, 7.456130e-01, 5.559388e-01
1.447875e-03, 7.435606e-01, 5.528824e-01
1.461037e-03, 7.415008e-01, 5.498235e-01
1.474200e-03, 7.399888e-01, 5.475835e-01
1.487362e-03, 7.379631e-01, 5.445895e-01
1.500525e-03, 7.382246e-01, 5.449756e-01
1.513687e-03, 7.361531e-01, 5.419214e-01
1.526850e-03, 7.341805e-01, 5.390211e-01
1.540012e-03, 7.322267e-01, 5.361559e-01
1.553175e-03, 7.299549e-01, 5.328342e-01
1.566337e-03, 7.281490e-01, 5.302009e-01
1.579500e-03, 7.267196e-01, 5.281213e-01
1.592662e-03, 7.247980e-01, 5.253321e-01
1.605825e-03, 7.227716e-01, 5.223988e-01
1.618987e-03, 7.209304e-01, 5.197406e-01
1.632150e-03, 7.190765e-01, 5.170710e-01
1.645312e-03, 7.172072e-01, 5.143862e-01
1.658475e-03, 7.154234e-01, 5.118307e-01
1.671637e-03, 7.138376e-01, 5.095642e-01
1.684800e-03, 7.120212e-01, 5.069742e-01
1.697962e-03, 7.101683e-01, 5.043390e-01
1.711125e-03, 7.081202e-01, 5.014343e-01
1.724287e-03, 7.062962e-01, 4.988543e-01
1.737450e-03, 7.048099e-01, 4.967570e-01
1.750612e-03, 7.030584e-01, 4.942911e-01
1.763775e-03, 7.011915e-01, 4.916696e-01
1.776937e-03, 6.993984e-01, 4.891581e-01
1.790100e-03, 6.975590e-01, 4.865885e-01
1.803262e-03, 6.960229e-01, 4.844479e-01
1.816425e-03, 6.939565e-01, 4.815756e-01
1.829587e-03, 6.921949e-01, 4.791337e-01
1.842750e-03, 6.904245e-01, 4.766861e-01
1.855912e-03, 6.886817e-01, 4.742824e-01
1.869075e-03, 6.868887e-01, 4.718161e-01
1.882237e-03, 6.850743e-01, 4.693267e-01
1.895400e-03, 6.833107e-01, 4.669135e-01
1.908562e-03, 6.816643e-01, 4.646662e-01
1.921725e-03, 6.799079e-01, 4.622747e-01
1.934887e-03, 6.781629e-01, 4.599049e-01
1.948050e-03, 6.764663e-01, 4.576066e-01
1.961212e-03, 6.757667e-01, 4.566606e-01
1.974375e-03, 6.740728e-01, 4.543742e-01
1.987537e-03, 6.723785e-01, 4.520928e-01
2.000700e-03, 6.707780e-01, 4.499431e-01
2.013862e-03, 6.690374e-01, 4.476110e-01
2.027025e-03, 6.673383e-01, 4.453404e-01
2.040187e-03, 6.648422e-01, 4.420152e-01
2.053350e-03, 6.631356e-01, 4.397489e-01
2.066512e-03, 6.626726e-01, 4.391350e-01
2.079675e-03, 6.612998e-01, 4.373174e-01
2.092837e-03, 6.596593e-01, 4.351504e-01
2.106000e-03, 6.577611e-01, 4.326497e-01
2.119162e-03, 6.558309e-01, 4.301141e-01
2.132325e-03, 6.542097e-01, 4.279904e-01
2.145487e-03, 6.525294e-01, 4.257947e-01
2.158650e-03, 6.509296e-01, 4.237093e-01
2.171812e-03, 6.493628e-01, 4.216720e-01
2.184975e-03, 6.478060e-01, 4.196526e-01
2.198137e-03, 6.462291e-01, 4.176120e-01
2.211300e-03, 6.447103e-01, 4.156514e-01
2.224462e-03, 6.431072e-01, 4.135869e-01
2.237625e-03, 6.415231e-01, 4.115518e-01
2.250787e-03, 6.399528e-01, 4.095396e-01
2.263950e-03, 6.384206e-01, 4.075808e-01
2.277112e-03, 6.371487e-01, 4.059584e-01
2.290275e-03, 6.352805e-01, 4.035813e-01
2.303437e-03, 6.337336e-01, 4.016183e-01
2.316600e-03, 6.321268e-01, 3.995843e-01
2.329762e-03, 6.305703e-01, 3.976189e-01
2.342925e-03, 6.290947e-01, 3.957601e-01
2.356087e-03, 6.287311e-01, 3.953028e-01
2.369250e-03, 6.272550e-01, 3.934489e-01
2.382412e-03, 6.256881e-01, 3.914856e-01
2.395575e-03, 6.241575e-01, 3.895726e-01
2.408737e-03, 6.226768e-01, 3.877264e-01
2.421900e-03, 6.212702e-01, 3.859766e-01
2.435062e-03, 6.197991e-01, 3.841509e-01
2.448225e-03, 6.215979e-01, 3.863839e-01
2.461387e-03, 6.201373e-01, 3.845703e-01
2.474550e-03, 6.185974e-01, 3.826627e-01
2.487712e-03, 6.171557e-01, 3.808811e-01
2.500875e-03, 6.156411e-01, 3.790139e-01
2.514037e-03, 6.135696e-01, 3.764676e-01
2.527200e-03, 6.126897e-01, 3.753887e-01
2.540362e-03, 6.105534e-01, 3.727755e-01
2.553525e-03, 6.091128e-01, 3.710184e-01
2.566687e-03, 6.075868e-01, 3.691617e-01
2.579850e-03, 6.059243e-01, 3.671442e-01
2.593012e-03, 6.044002e-01, 3.652996e-01
2.606175e-03, 6.029207e-01, 3.635133e-01
2.619337e-03, 6.014828e-01, 3.617816e-01
2.632500e-03, 5.995681e-01, 3.594819e-01
2.645662e-03, 5.981464e-01, 3.577791e-01
2.658825e-03, 5.967735e-01, 3.561386e-01
2.671987e-03, 5.953659e-01, 3.544606e-01
2.685150e-03, 5.938801e-01, 3.526936e-01
2.698312e-03, 5.925150e-01, 3.510740e-01
2.711475e-03, 5.938085e-01, 3.526085e-01
2.724637e-03, 5.897236e-01, 3.477739e-01
2.737800e-03, 5.883862e-01, 3.461983e-01
2.750962e-03, 5.897577e-01, 3.478142e-01
2.764125e-03, 5.855839e-01, 3.429085e-01
2.777287e-03, 5.841974e-01, 3.412866e-01
2.790450e-03, 5.828393e-01, 3.397017e-01
2.803612e-03, 5.815564e-01, 3.382079e-01
2.816775e-03, 5.802126e-01, 3.366466e-01
2.829937e-03, 5.788444e-01, 3.350608e-01
2.843100e-03, 5.774419e-01, 3.334391e-01
2.856262e-03, 5.760526e-01, 3.318366e-01
2.869425e-03, 5.746890e-01, 3.302674e-01
2.882587e-03, 5.732833e-01, 3.286538e-01
2.895750e-03, 5.718984e-01, 3.270678e-01
2.908912e-03, 5.704284e-01, 3.253886e-01
2.922075e-03, 5.689963e-01, 3.237567e-01
2.935237e-03, 5.675770e-01, 3.221436e-01
2.948400e-03, 5.661057e-01, 3.204756e-01
2.961562e-03, 5.647285e-01, 3.189183e-01
2.974725e-03, 5.633512e-01, 3.173645e-01
2.987887e-03, 5.619829e-01, 3.158248e-01
3.001050e-03, 5.606505e-01, 3.143290e-01
3.014212e-03, 5.608430e-01, 3.145449e-01
3.027375e-03, 5.595425e-01, 3.130878e-01
3.040537e-03, 5.582681e-01, 3.116632e-01
3.053700e-03, 5.570573e-01, 3.103128e-01
3.066862e-03, 5.559426e-01, 3.090721e-01
3.080025e-03, 5.547904e-01, 3.077924e-01
3.093187e-03, 5.536165e-01, 3.064912e-01
3.106350e-03, 5.523636e-01, 3.051056e-01
3.119512e-03, 5.512181e-01, 3.038414e-01
3.132675e-03, 5.501289e-01, 3.026418e-01
3.145837e-03, 5.489945e-01, 3.013949e-01
3.159000e-03, 5.478616e-01, 3.001524e-01
3.172162e-03, 5.481832e-01, 3.005048e-01
3.185325e-03, 5.454931e-01, 2.975628e-01
3.198487e-03, 5.442965e-01, 2.962586e-01
3.211650e-03, 5.431849e-01, 2.950498e-01
3.224812e-03, 5.423920e-01, 2.941891e-01
3.237975e-03, 5.411375e-01, 2.928298e-01
3.251137e-03, 5.400399e-01, 2.916431e-01
3.264300e-03, 5.404922e-01, 2.921318e-01
3.277462e-03, 5.393235e-01, 2.908699e-01
3.290625e-03, 5.382736e-01, 2.897385e-01
3.303787e-03, 5.379850e-01, 2.894278e-01
3.316950e-03, 5.354008e-01, 2.866541e-01
3.330112e-03, 5.343639e-01, 2.855448e-01
3.343275e-03, 5.332285e-01, 2.843326e-01
3.356437e-03, 5.321247e-01, 2.831567e-01
3.369600e-03, 5.309910e-01, 2.819514e-01
3.382762e-03, 5.298789e-01, 2.807716e-01
3.395925e-03, 5.287697e-01, 2.795974e-01
3.409087e-03, 5.276920e-01, 2.784589e-01
3.422250e-03, 5.265683e-01, 2.772741e-01
3.435412e-03, 5.254226e-01, 2.760690e-01
3.448575e-03, 5.240340e-01, 2.746116e-01
3.461737e-03, 5.227817e-01, 2.733007e-01
3.474900e-03, 5.217612e-01, 2.722347e-01
3.488062e-03, 5.206898e-01, 2.711179e-01
3.501225e-03, 5.195431e-01, 2.699250e-01
3.514387e-03, 5.196524e-01, 2.700386e-01
3.527550e-03, 5.184868e-01, 2.688286e-01
3.540712e-03, 5.173152e-01, 2.676150e-01
3.553875e-03, 5.162050e-01, 2.664676e-01
3.567037e-03, 5.149966e-01, 2.652215e-01
3.580200e-03, 5.139183e-01, 2.641121e-01
3.593362e-03, 5.127301e-01, 2.628921e-01
3.606525e-03, 5.115818e-01, 2.617159e-01
3.619687e-03, 5.104267e-01, 2.605354e-01
3.632850e-03, 5.080296e-01, 2.580941e-01
3.646012e-03, 5.069125e-01, 2.569603e-01
3.659175e-03, 5.058221e-01, 2.558560e-01
3.672337e-03, 5.047313e-01, 2.547537e-01
3.685500e-03, 5.035904e-01, 2.536033e-01
3.698662e-03, 5.024526e-01, 2.524586e-01
3.711825e-03, 5.013052e-01, 2.513069e-01
3.724987e-03, 5.001819e-01, 2.501819e-01
3.738150e-03, 4.991595e-01, 2.491602e-01
3.751312e-03, 4.980842e-01, 2.480879e-01
3.764475e-03, 4.970588e-01, 2.470674e-01
3.777637e-03, 4.959719e-01, 2.459881e-01
3.790800e-03, 4.949585e-01, 2.449839e-01
3.803962e-03, 4.939157e-01, 2.439527e-01
3.817125e-03, 4.927679e-01, 2.428202e-01
3.830287e-03, 4.917399e-01, 2.418081e-01
3.843450e-03, 4.896156e-01, 2.397235e-01
3.856612e-03, 4.885333e-01, 2.386648e-01
3.869775e-03, 4.874883e-01, 2.376449e-01
3.882937e-03, 4.863757e-01, 2.365614e-01
3.896100e-03, 4.852459e-01, 2.354636e-01
3.909262e-03, 4.841960e-01, 2.344458e-01
3.922425e-03, 4.831937e-01, 2.334761e-01
3.935587e-03, 4.821149e-01, 2.324348e-01
3.948750e-03, 4.810657e-01, 2.314242e-01
3.961912e-03, 4.800234e-01, 2.304224e-01
3.975075e-03, 4.788620e-01, 2.293088e-01
3.988237e-03, 4.778546e-01, 2.283450e-01
4.001400e-03, 4.768181e-01, 2.273555e-01
4.014562e-03, 4.758583e-01, 2.264411e-01
4.027725e-03, 4.748040e-01, 2.254389e-01
4.040887e-03, 4.745240e-01, 2.251730e-01
4.054050e-03, 4.735319e-01, 2.242325e-01
4.067212e-03, 4.713171e-01, 2.221398e-01
4.080375e-03, 4.702987e-01, 2.211808e-01
4.093537e-03, 4.693535e-01, 2.202927e-01
4.106700e-03, 4.683633e-01, 2.193642e-01
4.119862e-03, 4.673823e-01, 2.184462e-01
4.133025e-03, 4.664164e-01, 2.175443e-01
4.146187e-03, 4.654658e-01, 2.166584e-01
4.159350e-03, 4.645312e-01, 2.157893e-01
4.172512e-03, 4.636972e-01, 2.150151e-01
4.185675e-03, 4.725849e-01, 2.233365e-01
4.198837e-03, 4.704112e-01, 2.212867e-01
4.212000e-03, 4.708982e-01, 2.217451e-01
4.225162e-03, 4.689880e-01, 2.199498e-01
4.238325e-03, 4.677852e-01, 2.188230e-01
4.251487e-03, 4.667863e-01, 2.178895e-01
4.264650e-03, 4.657535e-01, 2.169263e-01
4.277812e-03, 4.648189e-01, 2.160567e-01
4.290975e-03, 4.639282e-01, 2.152294e-01
4.304137e-03, 4.629308e-01, 2.143049e-01
4.317300e-03, 4.619555e-01, 2.134029e-01
4.330462e-03, 4.610726e-01, 2.125880e-01
4.343625e-03, 4.604563e-01, 2.120200e-01
4.356787e-03, 4.595681e-01, 2.112028e-01
4.369950e-03, 4.585835e-01, 2.102989e-01
4.383112e-03, 4.577065e-01, 2.094952e-01
4.396275e-03, 4.576593e-01, 2.094520e-01
4.409437e-03, 4.567208e-01, 2.085939e-01
4.422600e-03, 4.557436e-01, 2.077022e-01
4.435762e-03, 4.548182e-01, 2.068596e-01
4.448925e-03, 4.538066e-01, 2.059404e-01
4.462087e-03, 4.529256e-01, 2.051416e-01
4.475250e-03, 4.516922e-01, 2.040258e-01
4.488412e-03, 4.508039e-01, 2.032242e-01
4.501575e-03, 4.498494e-01, 2.023645e-01
4.514737e-03, 4.489136e-01, 2.015234e-01
4.527900e-03, 4.480292e-01, 2.007302e-01
4.541062e-03, 4.471055e-01, 1.999034e-01
4.554225e-03, 4.462550e-01, 1.991436e-01
4.567387e-03, 4.454541e-01, 1.984294e-01
4.580550e-03, 4.446152e-01, 1.976827e-01
4.593712e-03, 4.436697e-01, 1.968428e-01
4.606875e-03, 4.428563e-01, 1.961217e-01
4.620037e-03, 4.395676e-01, 1.932197e-01
4.633200e-03, 4.388051e-01, 1.925499e-01
4.646362e-03, 4.379622e-01, 1.918109e-01
4.659525e-03, 4.371578e-01, 1.911069e-01
4.672687e-03, 4.363961e-01, 1.904416e-01
4.685850e-03, 4.355879e-01, 1.897368e-01
4.699012e-03, 4.347961e-01, 1.890476e-01
4.712175e-03, 4.361799e-01, 1.902529e-01
4.725337e-03, 4.331710e-01, 1.876371e-01
4.738500e-03, 4.325046e-01, 1.870603e-01
4.751662e-03, 4.316951e-01, 1.863607e-01
4.764825e-03, 4.308448e-01, 1.856273e-01
4.777987e-03, 4.300812e-01, 1.849698e-01
4.791150e-03, 4.359747e-01, 1.900739e-01
4.804312e-03, 4.306110e-01, 1.854258e-01
4.817475e-03, 4.344122e-01, 1.887139e-01
4.830637e-03, 4.336985e-01, 1.880944e-01
4.843800e-03, 4.329859e-01, 1.874768e-01
4.856962e-03, 4.321798e-01, 1.867794e-01
4.870125e-03, 4.338929e-01, 1.882630e-01
4.883287e-03, 4.307876e-01, 1.855780e-01
4.896450e-03, 4.300016e-01, 1.849014e-01
4.909612e-03, 4.291607e-01, 1.841789e-01
4.922775e-03, 4.283719e-01, 1.835025e-01
4.935937e-03, 4.274751e-01, 1.827350e-01
4.949100e-03, 4.265583e-01, 1.819520e-01
4.962262e-03, 4.257968e-01, 1.813029e-01
4.975425e-03, 4.250262e-01, 1.806473e-01
4.988587e-03, 4.241996e-01, 1.799453e-01
5.001750e-03, 4.234015e-01, 1.792688e-01
5.014912e-03, 4.226339e-01, 1.786194e-01
5.028075e-03, 4.217856e-01, 1.779031e-01
5.041237e-03, 4.209446e-01, 1.771944e-01
5.054400e-03, 4.200920e-01, 1.764773e-01
5.067562e-03, 4.193807e-01, 1.758802e-01
5.080725e-03, 4.185324e-01, 1.751693e-01
5.093887e-03, 4.178572e-01, 1.746047e-01
5.107050e-03, 4.170854e-01, 1.739603e-01
5.120212e-03, 4.105704e-01, 1.685680e-01
5.133375e-03, 4.097395e-01, 1.678865e-01
5.146537e-03, 4.089494e-01, 1.672396e-01
5.159700e-03, 4.082336e-01, 1.666547e-01
5.172862e-03, 4.074979e-01, 1.660545e-01
5.186025e-03, 4.066423e-01, 1.653580e-01
5.199187e-03, 4.059031e-01, 1.647574e-01
5.212350e-03, 4.051287e-01, 1.641293e-01
5.225512e-03, 4.043901e-01, 1.635314e-01
5.238675e-03, 4.036885e-01, 1.629644e-01
5.251837e-03, 4.030258e-01, 1.624298e-01
5.265000e-03, 4.022846e-01, 1.618329e-01
5.278162e-03, 4.016672e-01, 1.613366e-01
5.291325e-03, 4.008219e-01, 1.606582e-01
5.304487e-03, 4.001268e-01, 1.601014e-01
5.317650e-03, 4.059785e-01, 1.648185e-01
5.330812e-03, 4.053143e-01, 1.642797e-01
5.343975e-03, 4.047027e-01, 1.637843e-01
5.357137e-03, 4.040677e-01, 1.632707e-01
5.370300e-03, 4.034561e-01, 1.627769e-01
5.383462e-03, 4.028267e-01, 1.622694e-01
5.396625e-03, 4.021810e-01, 1.617495e-01
5.409787e-03, 4.038421e-01, 1.630885e-01
5.422950e-03, 4.030418e-01, 1.624427e-01
5.436112e-03, 4.023479e-01, 1.618838e-01
5.449275e-03, 4.016775e-01, 1.613448e-01
5.462437e-03, 4.008471e-01, 1.606784e-01
5.475600e-03, 4.001916e-01, 1.601533e-01
5.488762e-03, 3.995128e-01, 1.596105e-01
5.501925e-03, 3.988869e-01, 1.591107e-01
5.515087e-03, 3.983227e-01, 1.586609e-01
5.528250e-03, 3.976985e-01, 1.581641e-01
5.541412e-03, 3.971123e-01, 1.576982e-01
5.554575e-03, 3.964933e-01, 1.572069e-01
5.567737e-03, 3.963986e-01, 1.571318e-01
5.580900e-03, 3.957305e-01, 1.566027e-01
5.594062e-03, 3.951998e-01, 1.561829e-01
5.607225e-03, 3.945837e-01, 1.556963e-01
5.620387e-03, 3.938862e-01, 1.551463e-01
5.633550e-03, 3.925903e-01, 1.541271e-01
5.646712e-03, 3.917490e-01, 1.534672e-01
5.659875e-03, 3.910573e-01, 1.529258e-01
5.673037e-03, 3.904531e-01, 1.524536e-01
5.686200e-03, 3.895899e-01, 1.517803e-01
5.699362e-03, 3.889548e-01, 1.512858e-01
5.712525e-03, 3.881840e-01, 1.506868e-01
5.725687e-03, 3.876015e-01, 1.502350e-01
5.738850e-03, 3.875005e-01, 1.501566e-01
5.752012e-03, 3.868384e-01, 1.496439e-01
5.765175e-03, 3.862514e-01, 1.491901e-01
5.778337e-03, 3.850380e-01, 1.482543e-01
5.791500e-03, 3.849836e-01, 1.482124e-01
5.804662e-03, 3.837681e-01, 1.472780e-01
5.817825e-03, 3.832346e-01, 1.468687e-01
5.830987e-03, 3.825788e-01, 1.463665e-01
5.844150e-03, 3.819651e-01, 1.458973e-01
5.857312e-03, 3.813170e-01, 1.454026e-01
5.870475e-03, 3.805288e-01, 1.448021e-01
5.883637e-03, 3.800106e-01, 1.444080e-01
5.896800e-03, 3.793241e-01, 1.438868e-01
5.909962e-03, 3.787160e-01, 1.434258e-01
5.923125e-03, 3.780386e-01, 1.429132e-01
5.936287e-03, 3.774626e-01, 1.424780e-01
5.949450e-03, 3.768812e-01, 1.420394e-01
5.962612e-03, 3.763686e-01, 1.416533e-01
5.975775e-03, 3.757928e-01, 1.412202e-01
5.988937e-03, 3.748364e-01, 1.405023e-01
6.002100e-03, 3.742832e-01, 1.400879e-01
6.015262e-03, 3.736905e-01, 1.396446e-01
6.028425e-03, 3.731296e-01, 1.392257e-01
6.041587e-03, 3.727226e-01, 1.389221e-01
6.054750e-03, 3.721132e-01, 1.384682e-01
6.067912e-03, 3.715996e-01, 1.380863e-01
6.081075e-03, 3.710807e-01, 1.377009e-01
6.094237e-03, 3.705185e-01, 1.372840e-01
6.107400e-03, 3.699737e-01, 1.368806e-01
6.120562e-03, 3.693247e-01, 1.364007e-01
6.133725e-03, 3.687850e-01, 1.360023e-01
6.146887e-03, 3.682521e-01, 1.356096e-01
6.160050e-03, 3.677907e-01, 1.352700e-01
6.173212e-03, 3.672072e-01, 1.348411e-01
6.186375e-03, 3.667839e-01, 1.345304e-01
6.199537e-03, 3.662234e-01, 1.341196e-01
6.212700e-03, 3.657445e-01, 1.337690e-01
6.225862e-03, 3.653610e-01, 1.334887e-01
6.239025e-03, 3.648219e-01, 1.330950e-01
6.252187e-03, 3.644280e-01, 1.328077e-01
6.265350e-03, 3.636927e-01, 1.322724e-01
6.278512e-03, 3.631458e-01, 1.318748e-01
6.291675e-03, 3.627052e-01, 1.315551e-01
6.304837e-03, 3.621970e-01, 1.311867e-01
6.318000e-03, 3.619131e-01, 1.309811e-01
6.331162e-03, 3.614424e-01, 1.306406e-01
6.344325e-03, 3.610769e-01, 1.303766e-01
6.357487e-03, 3.608075e-01, 1.301821e-01
6.370650e-03, 3.604167e-01, 1.299002e-01
6.383812e-03, 3.601011e-01, 1.296728e-01
6.396975e-03, 3.521450e-01, 1.240061e-01
6.410137e-03, 3.593976e-01, 1.291666e-01
6.423300e-03, 3.590924e-01, 1.289474e-01
6.436462e-03, 3.588039e-01, 1.287402e-01
6.449625e-03, 3.583810e-01, 1.284369e-01
6.462787e-03, 3.581069e-01, 1.282405e-01
6.475950e-03, 3.578678e-01, 1.280694e-01
6.489112e-03, 3.574839e-01, 1.277947e-01
6.502275e-03, 3.571727e-01, 1.275724e-01
6.515437e-03, 3.568255e-01, 1.273244e-01
6.528600e-03, 3.564311e-01, 1.270431e-01
6.541762e-03, 3.560350e-01, 1.267609e-01
6.554925e-03, 3.556115e-01, 1.264596e-01
6.568087e-03, 3.552790e-01, 1.262232e-01
6.581250e-03, 3.549786e-01, 1.260098e-01
6.594412e-03, 3.546610e-01, 1.257845e-01
6.607575e-03, 3.538778e-01, 1.252295e-01
6.620737e-03, 3.536883e-01, 1.250954e-01
6.633900e-03, 3.532754e-01, 1.248035e-01
6.647062e-03, 3.529605e-01, 1.245811e-01
6.660225e-03, 3.526718e-01, 1.243774e-01
6.673387e-03, 3.524317e-01, 1.242081e-01
6.686550e-03, 3.520721e-01, 1.239547e-01
6.699712e-03, 3.517598e-01, 1.237349e-01
6.712875e-03, 3.514761e-01, 1.235354e-01
6.726037e-03, 3.513114e-01, 1.234197e-01
6.739200e-03, 3.534999e-01, 1.249621e-01
6.752362e-03, 3.531933e-01, 1.247455e-01
6.765525e-03, 3.529821e-01, 1.245963e-01
6.778687e-03, 3.527206e-01, 1.244118e-01
6.791850e-03, 3.526818e-01, 1.243845e-01
6.805012e-03, 3.523480e-01, 1.241491e-01
6.818175e-03, 3.520681e-01, 1.239519e-01
6.831337e-03, 3.516170e-01, 1.236345e-01
6.844500e-03, 3.511136e-01, 1.232808e-01
6.857662e-03, 3.507489e-01, 1.230248e-01
6.870825e-03, 3.504612e-01, 1.228231e-01
6.883987e-03, 3.502472e-01, 1.226731e-01
6.897150e-03, 3.499454e-01, 1.224618e-01
6.910312e-03, 3.496190e-01, 1.222335e-01
6.923475e-03, 3.493206e-01, 1.220249e-01
6.936637e-03, 3.463441e-01, 1.199542e-01
6.949800e-03, 3.459656e-01, 1.196922e-01
6.962962e-03, 3.456443e-01, 1.194700e-01
6.976125e-03, 3.451294e-01, 1.191143e-01
6.989287e-03, 3.447223e-01, 1.188335e-01
7.002450e-03, 3.444049e-01, 1.186147e-01
7.015612e-03, 3.440535e-01, 1.183728e-01
7.028775e-03, 3.409065e-01, 1.162172e-01
7.041937e-03, 3.405653e-01, 1.159847e-01
7.055100e-03, 3.401126e-01, 1.156766e-01
7.068262e-03, 3.397230e-01, 1.154117e-01
7.081425e-03, 3.392687e-01, 1.151033e-01
7.094587e-03, 3.418198e-01, 1.168408e-01
7.107750e-03, 3.416481e-01, 1.167234e-01
7.120912e-03, 3.412317e-01, 1.164391e-01
7.134075e-03, 3.408369e-01, 1.161698e-01
7.147237e-03, 3.404664e-01, 1.159173e-01
7.160400e-03, 3.398556e-01, 1.155018e-01
7.173562e-03, 3.394564e-01, 1.152306e-01
7.186725e-03, 3.390665e-01, 1.149661e-01
7.199887e-03, 3.385846e-01, 1.146396e-01
7.213050e-03, 3.382673e-01, 1.144248e-01
7.226212e-03, 3.378208e-01, 1.141229e-01
7.239375e-03, 3.373808e-01, 1.138258e-01
7.252537e-03, 3.370446e-01, 1.135990e-01
7.265700e-03, 3.366694e-01, 1.133463e-01
7.278862e-03, 3.362666e-01, 1.130752e-01
7.292025e-03, 3.357922e-01, 1.127564e-01
7.305187e-03, 3.352869e-01, 1.124173e-01
7.318350e-03, 3.364168e-01, 1.131762e-01
7.331512e-03, 3.346635e-01, 1.119997e-01
7.344675e-03, 3.342115e-01, 1.116973e-01
7.357837e-03, 3.338640e-01, 1.114652e-01
7.371000e-03, 3.336072e-01, 1.112938e-01
7.384162e-03, 3.331419e-01, 1.109835e-01
7.397325e-03, 3.329071e-01, 1.108271e-01
7.410487e-03, 3.326533e-01, 1.106582e-01
7.423650e-03, 3.324067e-01, 1.104942e-01
7.436812e-03, 3.319866e-01, 1.102151e-01
7.449975e-03, 3.337478e-01, 1.113876e-01
7.463137e-03, 3.334052e-01, 1.111590e-01
7.476300e-03, 3.329693e-01, 1.108685e-01
7.489462e-03, 3.326815e-01, 1.106770e-01
7.502625e-03, 3.323239e-01, 1.104392e-01
7.515787e-03, 3.319889e-01, 1.102166e-01
7.528950e-03, 3.331674e-01, 1.110005e-01
7.542112e-03, 3.328809e-01, 1.108097e-01
7.555275e-03, 3.327222e-01, 1.107041e-01
7.568437e-03, 3.325652e-01, 1.105996e-01
7.581600e-03, 3.305445e-01, 1.092596e-01
7.594762e-03, 3.303693e-01, 1.091439e-01
7.607925e-03, 3.299963e-01, 1.088976e-01
7.621087e-03, 3.296346e-01, 1.086590e-01
7.634250e-03, 3.289925e-01, 1.082361e-01
7.647412e-03, 3.286547e-01, 1.080139e-01
7.660575e-03, 3.282238e-01, 1.077309e-01
7.673737e-03, 3.277588e-01, 1.074258e-01
7.686900e-03, 3.271918e-01, 1.070545e-01
7.700062e-03, 3.267870e-01, 1.067897e-01
7.713225e-03, 3.263524e-01, 1.065059e-01
7.726387e-03, 3.259529e-01, 1.062453e-01
7.739550e-03, 3.254641e-01, 1.059269e-01
7.752712e-03, 3.237493e-01, 1.048136e-01
7.765875e-03, 3.235366e-01, 1.046760e-01
7.779037e-03, 3.230111e-01, 1.043362e-01
7.792200e-03, 3.226521e-01, 1.041044e-01
7.805362e-03, 3.222429e-01, 1.038405e-01
7.818525e-03, 3.218554e-01, 1.035909e-01
7.831687e-03, 3.198233e-01, 1.022869e-01
7.844850e-03, 3.210855e-01, 1.030959e-01
7.858012e-03, 3.206458e-01, 1.028137e-01
7.871175e-03, 3.203754e-01, 1.026404e-01
7.884337e-03, 3.200877e-01, 1.024562e-01
7.897500e-03, 3.197813e-01, 1.022601e-01
7.910662e-03, 3.194267e-01, 1.020334e-01
7.923825e-03, 3.189077e-01, 1.017021e-01
7.936987e-03, 3.184418e-01, 1.014052e-01
7.950150e-03, 3.180938e-01, 1.011837e-01
7.963312e-03, 3.176440e-01, 1.008977e-01
7.976475e-03, 3.171391e-01, 1.005772e-01
7.989637e-03, 3.165798e-01, 1.002227e-01
8.002800e-03, 3.160262e-01, 9.987257e-02
8.015962e-03, 3.154439e-01, 9.950483e-02
8.029125e-03, 3.149468e-01, 9.919146e-02
8.042287e-03, 3.145003e-01, 9.891044e-02
8.055450e-03, 3.141531e-01, 9.869216e-02
8.068612e-03, 3.136508e-01, 9.837680e-02
8.081775e-03, 3.131510e-01, 9.806353e-02
8.094937e-03, 3.127817e-01, 9.783240e-02
8.108100e-03, 3.122871e-01, 9.752326e-02
8.121262e-03, 3.118284e-01, 9.723694e-02
8.134425e-03, 3.113892e-01, 9.696324e-02
8.147587e-03, 3.187737e-01, 1.016167e-01
8.160750e-03, 3.183417e-01, 1.013414e-01
8.173912e-03, 3.178065e-01, 1.010009e-01
8.187075e-03, 3.171939e-01, 1.006120e-01
8.200237e-03, 3.166368e-01, 1.002588e-01
8.213400e-03, 3.161528e-01, 9.995257e-02
8.226562e-03, 3.157627e-01, 9.970610e-02
8.239725e-03, 3.153774e-01, 9.946287e-02
8.252887e-03, 3.150151e-01, 9.923452e-02
8.266050e-03, 3.143325e-01, 9.880494e-02
8.279212e-03, 3.138536e-01, 9.850406e-02
8.292375e-03, 3.133335e-01, 9.817791e-02
8.305537e-03, 3.128314e-01, 9.786350e-02
8.318700e-03, 3.123695e-01, 9.757473e-02
8.331862e-03, 3.119758e-01, 9.732892e-02
8.345025e-03, 3.115125e-01, 9.704005e-02
8.358187e-03, 3.110182e-01, 9.673234e-02
8.371350e-03, 3.104289e-01, 9.636612e-02
8.384512e-03, 3.098248e-01, 9.599140e-02
8.397675e-03, 3.093616e-01, 9.570458e-02
8.410837e-03, 3.089352e-01, 9.544093e-02
8.424000e-03, 3.084601e-01, 9.514764e-02
8.437162e-03, 3.079940e-01, 9.486028e-02
8.450325e-03, 3.073747e-01, 9.447918e-02
8.463487e-03, 3.070586e-01, 9.428497e-02
8.476650e-03, 3.064551e-01, 9.391473e-02
8.489812e-03, 3.061446e-01, 9.372453e-02
8.502975e-03, 3.056779e-01, 9.343901e-02
8.516137e-03, 3.053543e-01, 9.324124e-02
8.529300e-03, 3.051423e-01, 9.311184e-02
8.542462e-03, 3.047894e-01, 9.289659e-02
8.555625e-03, 3.044935e-01, 9.271631e-02
8.568787e-03, 3.041140e-01, 9.248531e-02
8.581950e-03, 3.039994e-01, 9.241561e-02
8.595112e-03, 3.035892e-01, 9.216640e-02
8.608275e-03, 3.033682e-01, 9.203229e-02
8.621437e-03, 3.029723e-01, 9.179223e-02
8.634600e-03, 3.025921e-01, 9.156200e-02
8.647762e-03, 3.023977e-01, 9.144434e-02
8.660925e-03, 3.019101e-01, 9.114969e-02
8.674087e-03, 3.015112e-01, 9.090900e-02
8.687250e-03, 3.012766e-01, 9.076760e-02
8.700412e-03, 3.009012e-01, 9.054153e-02
8.713575e-03, 3.004659e-01, 9.027977e-02
8.726737e-03, 3.001464e-01, 9.008785e-02
8.739900e-03, 2.998207e-01, 8.989245e-02
8.753062e-03, 2.995948e-01, 8.975702e-02
8.766225e-03, 2.930377e-01, 8.587109e-02
8.779387e-03, 2.927347e-01, 8.569363e-02
8.792550e-03, 2.925281e-01, 8.557272e-02
8.805712e-03, 2.921747e-01, 8.536606e-02
8.818875e-03, 2.922911e-01, 8.543406e-02
8.832037e-03, 2.920250e-01, 8.527858e-02
8.845200e-03, 2.917489e-01, 8.511739e-02
8.858362e-03, 2.917041e-01, 8.509130e-02
8.871525e-03, 2.912268e-01, 8.481307e-02
8.884687e-03, 2.973844e-01, 8.843745e-02
8.897850e-03, 2.970948e-01, 8.826530e-02
8.911012e-03, 2.967364e-01, 8.805249e-02
8.924175e-03, 2.964793e-01, 8.789998e-02
8.937337e-03, 2.960804e-01, 8.766359e-02
8.950500e-03, 2.956081e-01, 8.738414e-02
8.963662e-03, 2.892716e-01, 8.367806e-02
8.976825e-03, 2.888473e-01, 8.343278e-02
8.989987e-03, 2.885521e-01, 8.326233e-02
9.003150e-03, 2.880635e-01, 8.298057e-02
9.016312e-03, 2.876934e-01, 8.276750e-02
9.029475e-03, 2.872859e-01, 8.253319e-02
9.042637e-03, 2.869788e-01, 8.235685e-02
9.055800e-03, 2.865338e-01, 8.210163e-02
9.068962e-03, 2.862196e-01, 8.192166e-02
9.082125e-03, 2.858250e-01, 8.169592e-02
9.095287e-03, 2.853757e-01, 8.143927e-02
9.108450e-03, 2.850061e-01, 8.122847e-02
9.121612e-03, 2.843704e-01, 8.086651e-02
9.134775e-03, 2.838599e-01, 8.057646e-02
9.147937e-03, 2.836217e-01, 8.044125e-02
9.161100e-03, 2.832275e-01, 8.021781e-02
9.174262e-03, 2.827179e-01, 7.992943e-02
9.187425e-03, 2.825245e-01, 7.982007e-02
9.200587e-03, 2.820197e-01, 7.953511e-02
9.213750e-03, 2.817381e-01, 7.937636e-02
9.226912e-03, 2.813733e-01, 7.917096e-02
9.240075e-03, 2.810080e-01, 7.896551e-02
9.253237e-03, 2.804872e-01, 7.867308e-02
9.266400e-03, 2.801460e-01, 7.848179e-02
9.279562e-03, 2.797909e-01, 7.828296e-02
9.292725e-03, 2.794492e-01, 7.809186e-02
9.305887e-03, 2.791561e-01, 7.792812e-02
9.319050e-03, 2.787062e-01, 7.767717e-02
9.332212e-03, 2.782514e-01, 7.742384e-02
9.345375e-03, 2.779557e-01, 7.725938e-02
9.358537e-03, 2.777837e-01, 7.716381e-02
9.371700e-03, 2.773193e-01, 7.690599e-02
9.384862e-03, 2.772853e-01, 7.688712e-02
9.398025e-03, 2.769115e-01, 7.668000e-02
9.411187e-03, 2.768445e-01, 7.664287e-02
9.424350e-03, 2.765891e-01, 7.650154e-02
9.437512e-03, 2.765918e-01, 7.650301e-02
9.450675e-03, 2.764761e-01, 7.643901e-02
9.463837e-03, 2.764265e-01, 7.641162e-02
9.477000e-03, 2.818570e-01, 7.944340e-02
9.490162e-03, 2.816229e-01, 7.931146e-02
9.503325e-03, 2.814653e-01, 7.922270e-02
9.516487e-03, 2.813921e-01, 7.918151e-02
9.529650e-03, 2.813723e-01, 7.917039e-02
9.542812e-03, 2.813081e-01, 7.913426e-02
9.555975e-03, 2.811104e-01, 7.902305e-02
9.569137e-03, 2.810226e-01, 7.897373e-02
9.582300e-03, 2.809343e-01, 7.892409e-02
9.595462e-03, 2.812026e-01, 7.907488e-02
9.608625e-03, 2.809406e-01, 7.892760e-02
9.621787e-03, 2.808273e-01, 7.886398e-02
9.634950e-03, 2.806533e-01, 7.876628e-02
9.648112e-03, 2.804489e-01, 7.865161e-02
9.661275e-03, 2.802413e-01, 7.853520e-02
9.674437e-03, 2.800374e-01, 7.842094e-02
9.687600e-03, 2.799012e-01, 7.834465e-02
9.700762e-03, 2.802152e-01, 7.852056e-02
9.713925e-03, 2.795762e-01, 7.816285e-02
9.727087e-03, 2.795478e-01, 7.814695e-02
9.740250e-03, 2.798004e-01, 7.828827e-02
9.753412e-03, 2.793280e-01, 7.802413e-02
9.766575e-03, 2.796850e-01, 7.822369e-02
9.779737e-03, 2.792881e-01, 7.800184e-02
9.792900e-03, 2.791622e-01, 7.793153e-02
9.806062e-03, 2.792264e-01, 7.796736e-02
9.819225e-03, 2.789068e-01, 7.778899e-02
9.832387e-03, 2.788349e-01, 7.774889e-02
9.845550e-03, 2.785773e-01, 7.760533e-02
9.858712e-03, 2.783932e-01, 7.750275e-02
9.871875e-03, 2.781216e-01, 7.735165e-02
9.885037e-03, 2.774976e-01, 7.700491e-02
9.898200e-03, 2.772991e-01, 7.689479e-02
9.911362e-03, 2.770344e-01, 7.674804e-02
9.924525e-03, 2.766035e-01, 7.650950e-02
9.937687e-03, 2.764078e-01, 7.640130e-02
9.950850e-03, 2.762282e-01, 7.630200e-02
9.964012e-03, 2.762116e-01, 7.629286e-02
9.977175e-03, 2.758001e-01, 7.606569e-02
9.990337e-03, 2.755074e-01, 7.590435e-02
1.000350e-02, 2.749667e-01, 7.560668e-02
1.001666e-02, 2.748242e-01, 7.552833e-02
1.002982e-02, 2.746192e-01, 7.541570e-02
1.004299e-02, 2.741110e-01, 7.513684e-02
1.005615e-02, 2.742755e-01, 7.522703e-02
1.006931e-02, 2.734020e-01, 7.474867e-02
1.008247e-02, 2.733291e-01, 7.470878e-02
1.009564e-02, 2.729740e-01, 7.451479e-02
1.010880e-02, 2.728255e-01, 7.443375e-02
1.012196e-02, 2.726016e-01, 7.431161e-02
1.013512e-02, 2.729186e-01, 7.448458e-02
1.014829e-02, 2.719961e-01, 7.398186e-02
1.016145e-02, 2.723258e-01, 7.416133e-02
1.017461e-02, 2.718897e-01, 7.392400e-02
1.018777e-02, 2.716798e-01, 7.380993e-02
1.020094e-02, 2.713772e-01, 7.364560e-02
1.021410e-02, 2.713544e-01, 7.363319e-02
1.022726e-02, 2.707635e-01, 7.331285e-02
1.024042e-02, 2.706332e-01, 7.324233e-02
1.025359e-02, 2.702386e-01, 7.302888e-02
1.026675e-02, 2.699170e-01, 7.285521e-02
1.027991e-02, 2.697108e-01, 7.274390e-02
1.029307e-02, 2.692349e-01, 7.248742e-02
1.030624e-02, 2.689573e-01, 7.233803e-02
1.031940e-02, 2.685986e-01, 7.214523e-02
1.033256e-02, 2.682164e-01, 7.194006e-02
1.034572e-02, 2.679760e-01, 7.181114e-02
1.035889e-02, 2.676101e-01, 7.161519e-02
1.037205e-02, 2.671105e-01, 7.134800e-02
1.038521e-02, 2.665552e-01, 7.105166e-02
1.039837e-02, 2.661475e-01, 7.083447e-02
1.041154e-02, 2.654555e-01, 7.046662e-02
1.042470e-02, 2.650200e-01, 7.023561e-02
1.043786e-02, 2.646023e-01, 7.001438e-02
1.045102e-02, 2.641450e-01, 6.977261e-02
1.046419e-02, 2.636814e-01, 6.952790e-02
1.047735e-02, 2.630599e-01, 6.920052e-02
1.049051e-02, 2.626186e-01, 6.896852e-02
1.050367e-02, 2.623056e-01, 6.880425e-02
1.051684e-02, 2.619777e-01, 6.863229e-02
1.053000e-02, 2.613382e-01, 6.829764e-02
1.054316e-02, 2.613243e-01, 6.829037e-02
1.055632e-02, 2.608631e-01, 6.804954e-02
1.056949e-02, 2.565963e-01, 6.584167e-02
1.058265e-02, 2.563117e-01, 6.569566e-02
1.059581e-02, 2.557971e-01, 6.543213e-02
1.060897e-02, 2.554022e-01, 6.523026e-02
1.062214e-02, 2.550659e-01, 6.505860e-02
1.063530e-02, 2.547307e-01, 6.488773e-02
1.064846e-02, 2.543425e-01, 6.469010e-02
1.066162e-02, 2.537656e-01, 6.439698e-02
1.067479e-02, 2.533358e-01, 6.417905e-02
1.068795e-02, 2.528599e-01, 6.393811e-02
1.070111e-02, 2.526312e-01, 6.382252e-02
1.071427e-02, 2.522998e-01, 6.365516e-02
1.072744e-02, 2.552226e-01, 6.513859e-02
1.074060e-02, 2.547551e-01, 6.490014e-02
1.075376e-02, 2.542297e-01, 6.463273e-02
1.076692e-02, 2.538976e-01, 6.446399e-02
1.078009e-02, 2.533204e-01, 6.417125e-02
1.079325e-02, 2.530602e-01, 6.403948e-02
1.080641e-02, 2.527230e-01, 6.386894e-02
1.081957e-02, 2.524255e-01, 6.371864e-02
1.083274e-02, 2.519363e-01, 6.347190e-02
1.084590e-02, 2.516609e-01, 6.333319e-02
1.085906e-02, 2.508552e-01, 6.292835e-02
1.087222e-02, 2.474671e-01, 6.123997e-02
1.088539e-02, 2.469077e-01, 6.096339e-02
1.089855e-02, 2.467498e-01, 6.088546e-02
1.091171e-02, 2.462266e-01, 6.062756e-02
1.092487e-02, 2.454670e-01, 6.025406e-02
1.093804e-02, 2.451243e-01, 6.008595e-02
1.095120e-02, 2.444436e-01, 5.975266e-02
1.096436e-02, 2.439309e-01, 5.950230e-02
1.097752e-02, 2.458304e-01, 6.043257e-02
1.099069e-02, 2.452232e-01, 6.013441e-02
1.100385e-02, 2.446911e-01, 5.987374e-02
1.101701e-02, 2.442564e-01, 5.966118e-02
1.103017e-02, 2.437462e-01, 5.941223e-02
1.104334e-02, 2.435490e-01, 5.931610e-02
1.105650e-02, 2.427340e-01, 5.891981e-02
1.106966e-02, 2.423616e-01, 5.873915e-02
1.108282e-02, 2.415685e-01, 5.835535e-02
1.109599e-02, 2.380762e-01, 5.668030e-02
1.110915e-02, 2.377928e-01, 5.654543e-02
1.112231e-02, 2.370423e-01, 5.618908e-02
1.113547e-02, 2.364924e-01, 5.592865e-02
1.114864e-02, 2.359340e-01, 5.566487e-02
1.116180e-02, 2.352636e-01, 5.534897e-02
1.117496e-02, 2.347576e-01, 5.511114e-02
1.118812e-02, 2.342215e-01, 5.485973e-02
1.120129e-02, 2.336221e-01, 5.457926e-02
1.121445e-02, 2.330814e-01, 5.432692e-02
1.122761e-02, 2.325735e-01, 5.409045e-02
1.124077e-02, 2.320712e-01, 5.385705e-02
1.125394e-02, 2.316812e-01, 5.367620e-02
1.126710e-02, 2.312851e-01, 5.349278e-02
1.128026e-02, 2.308587e-01, 5.329574e-02
1.129342e-02, 2.307097e-01, 5.322695e-02
1.130659e-02, 2.304109e-01, 5.308916e-02
1.131975e-02, 2.300669e-01, 5.293078e-02
1.133291e-02, 2.295885e-01, 5.271087e-02
1.134607e-02, 2.290730e-01, 5.247442e-02
1.135924e-02, 2.285835e-01, 5.225040e-02
1.137240e-02, 2.281299e-01, 5.204327e-02
1.138556e-02, 2.277873e-01, 5.188706e-02
1.139872e-02, 2.274245e-01, 5.172192e-02
1.141189e-02, 2.269347e-01, 5.149935e-02
1.142505e-02, 2.264250e-01, 5.126829e-02
1.143821e-02, 2.259401e-01, 5.104895e-02
1.145137e-02, 2.254704e-01, 5.083692e-02
1.146454e-02, 2.248417e-01, 5.055381e-02
1.147770e-02, 2.244962e-01, 5.039852e-02
1.149086e-02, 2.240197e-01, 5.018481e-02
1.150402e-02, 2.234214e-01, 4.991712e-02
1.151719e-02, 2.229504e-01, 4.970687e-02
1.153035e-02, 2.226554e-01, 4.957544e-02
1.154351e-02, 2.221643e-01, 4.935699e-02
1.155667e-02, 2.217679e-01, 4.918098e-02
1.156984e-02, 2.287230e-01, 5.231422e-02
1.158300e-02, 2.282630e-01, 5.210399e-02
1.159616e-02, 2.278786e-01, 5.192867e-02
1.160932e-02, 2.273386e-01, 5.168282e-02
1.162249e-02, 2.268295e-01, 5.145162e-02
1.163565e-02, 2.264961e-01, 5.130046e-02
1.164881e-02, 2.260850e-01, 5.111443e-02
1.166197e-02, 2.257196e-01, 5.094933e-02
1.167514e-02, 2.256278e-01, 5.090793e-02
1.168830e-02, 2.254500e-01, 5.082772e-02
1.170146e-02, 2.250507e-01, 5.064781e-02
1.171462e-02, 2.249226e-01, 5.059018e-02
1.172779e-02, 2.247385e-01, 5.050741e-02
1.174095e-02, 2.242245e-01, 5.027661e-02
1.175411e-02, 2.240479e-01, 5.019748e-02
1.176727e-02, 2.238493e-01, 5.010851e-02
1.178044e-02, 2.236091e-01, 5.000104e-02
1.179360e-02, 2.198856e-01, 4.834968e-02
1.180676e-02, 2.196281e-01, 4.823649e-02
1.181992e-02, 2.195026e-01, 4.818140e-02
1.183309e-02, 2.191604e-01, 4.803130e-02
1.184625e-02, 2.187987e-01, 4.787288e-02
1.185941e-02, 2.186114e-01, 4.779095e-02
1.187257e-02, 2.183003e-01, 4.765502e-02
1.188574e-02, 2.179471e-01, 4.750094e-02
1.189890e-02, 2.173795e-01, 4.725385e-02
1.191206e-02, 2.168065e-01, 4.700505e-02
1.192522e-02, 2.166260e-01, 4.692684e-02
1.193839e-02, 2.162341e-01, 4.675719e-02
1.195155e-02, 2.157605e-01, 4.655259e-02
1.196471e-02, 2.154031e-01, 4.639849e-02
1.197787e-02, 2.152066e-01, 4.631387e-02
1.199104e-02, 2.176366e-01, 4.736570e-02
1.200420e-02, 2.171949e-01, 4.717360e-02
1.201736e-02, 2.138917e-01, 4.574968e-02
1.203052e-02, 2.135118e-01, 4.558730e-02
1.204369e-02, 2.134120e-01, 4.554469e-02
1.205685e-02, 2.127839e-01, 4.527700e-02
1.207001e-02, 2.127552e-01, 4.526477e-02
1.208317e-02, 2.124708e-01, 4.514383e-02
1.209634e-02, 2.123020e-01, 4.507215e-02
1.210950e-02, 2.120738e-01, 4.497530e-02
1.212266e-02, 2.119724e-01, 4.493230e-02
1.213582e-02, 2.115387e-01, 4.474863e-02
1.214899e-02, 2.114140e-01, 4.469587e-02
1.216215e-02, 2.111030e-01, 4.456446e-02
1.217531e-02, 2.105974e-01, 4.435125e-02
1.218847e-02, 2.101030e-01, 4.414327e-02
1.220164e-02, 2.099300e-01, 4.407061e-02
1.221480e-02, 2.096285e-01, 4.394411e-02
1.222796e-02, 2.093668e-01, 4.383444e-02
1.224112e-02, 2.092523e-01, 4.378653e-02
1.225429e-02, 2.089423e-01, 4.365690e-02
1.226745e-02, 2.087267e-01, 4.356682e-02
1.228061e-02, 2.086896e-01, 4.355136e-02
1.229377e-02, 2.083003e-01, 4.338902e-02
1.230694e-02, 2.080336e-01, 4.327798e-02
1.232010e-02, 2.080096e-01, 4.326798e-02
1.233326e-02, 2.076246e-01, 4.310796e-02
1.234642e-02, 2.075525e-01, 4.307805e-02
1.235959e-02, 2.096079e-01, 4.393546e-02
1.237275e-02, 2.069012e-01, 4.280810e-02
1.238591e-02, 2.093041e-01, 4.380819e-02
1.239907e-02, 2.089594e-01, 4.366403e-02
1.241224e-02, 2.086716e-01, 4.354382e-02
1.242540e-02, 2.084881e-01, 4.346730e-02
1.243856e-02, 2.083136e-01, 4.339457e-02
1.245172e-02, 2.078587e-01, 4.320525e-02
1.246489e-02, 2.076144e-01, 4.310375e-02
1.247805e-02, 2.071379e-01, 4.290611e-02
1.249121e-02, 2.067296e-01, 4.273714e-02
1.250437e-02, 2.063749e-01, 4.259058e-02
1.251754e-02, 2.058972e-01, 4.239365e-02
1.253070e-02, 2.057629e-01, 4.233838e-02
1.254386e-02, 2.053188e-01, 4.215579e-02
1.255702e-02, 2.050106e-01, 4.202937e-02
1.257019e-02, 2.050021e-01, 4.202585e-02
1.258335e-02, 2.041898e-01, 4.169347e-02
1.259651e-02, 2.036982e-01, 4.149295e-02
1.260967e-02, 2.036296e-01, 4.146501e-02
1.262284e-02, 2.032771e-01, 4.132157e-02
1.263600e-02, 2.019282e-01, 4.077500e-02
1.264916e-02, 2.015382e-01, 4.061765e-02
1.266232e-02, 2.015310e-01, 4.061476e-02
1.267549e-02, 2.010949e-01, 4.043915e-02
1.268865e-02, 2.010855e-01, 4.043538e-02
1.270181e-02, 2.007809e-01, 4.031298e-02
1.271497e-02, 2.006831e-01, 4.027371e-02
1.272814e-02, 2.005479e-01, 4.021948e-02
1.274130e-02, 2.003408e-01, 4.013642e-02
1.275446e-02, 2.001490e-01, 4.005964e-02
1.276762e-02, 1.998407e-01, 3.993629e-02
1.278079e-02, 1.996613e-01, 3.986463e-02
1.279395e-02, 1.998056e-01, 3.992229e-02
1.280711e-02, 1.995770e-01, 3.983099e-02
1.282027e-02, 1.994159e-01, 3.976669e-02
1.283344e-02, 1.993014e-01, 3.972106e-02
1.284660e-02, 1.992849e-01, 3.971448e-02
1.285976e-02, 1.991854e-01, 3.967482e-02
1.287292e-02, 1.977258e-01, 3.909549e-02
1.288609e-02, 1.976849e-01, 3.907934e-02
1.289925e-02, 1.976347e-01, 3.905949e-02
1.291241e-02, 1.977456e-01, 3.910332e-02
1.292557e-02, 1.982667e-01, 3.930968e-02
1.293874e-02, 1.989599e-01, 3.958504e-02
1.295190e-02, 1.992094e-01, 3.968440e-02
1.296506e-02, 1.998410e-01, 3.993641e-02
1.297822e-02, 2.029100e-01, 4.117246e-02
1.299139e-02, 2.007505e-01, 4.030075e-02
1.300455e-02, 2.010342e-01, 4.041475e-02
1.301771e-02, 2.014034e-01, 4.056332e-02
1.303087e-02, 2.019564e-01, 4.078638e-02
1.304404e-02, 2.021809e-01, 4.087711e-02
1.305720e-02, 2.025843e-01, 4.104041e-02
1.307036e-02, 2.027922e-01, 4.112467e-02
1.308352e-02, 2.032765e-01, 4.132133e-02
1.309669e-02, 2.033900e-01, 4.136748e-02
1.310985e-02, 2.035509e-01, 4.143298e-02
1.312301e-02, 2.040451e-01, 4.163440e-02
1.313617e-02, 2.042717e-01, 4.172693e-02
1.314934e-02, 2.043331e-01, 4.175203e-02
1.316250e-02, 2.041624e-01, 4.168228e-02
1.317566e-02, 2.040518e-01, 4.163715e-02
1.318882e-02, 2.038096e-01, 4.153837e-02
1.320199e-02, 2.038587e-01, 4.155836e-02
1.321515e-02, 2.038152e-01, 4.154062e-02
1.322831e-02, 2.037243e-01, 4.150358e-02
1.324147e-02, 2.040431e-01, 4.163359e-02
1.325464e-02, 2.040869e-01, 4.165145e-02
1.326780e-02, 2.040831e-01, 4.164990e-02
1.328096e-02, 2.040238e-01, 4.162569e-02
1.329412e-02, 2.040738e-01, 4.164612e-02
1.330729e-02, 2.044699e-01, 4.180796e-02
1.332045e-02, 2.043258e-01, 4.174903e-02
1.333361e-02, 2.044738e-01, 4.180954e-02
1.334677e-02, 2.046368e-01, 4.187621e-02
1.335994e-02, 2.047948e-01, 4.194090e-02
1.337310e-02, 2.048003e-01, 4.194316e-02
1.338626e-02, 2.046385e-01, 4.187693e-02
1.339942e-02, 2.049101e-01, 4.198817e-02
1.341259e-02, 2.049366e-01, 4.199902e-02
1.342575e-02, 2.048407e-01, 4.195972e-02
1.343891e-02, 2.046582e-01, 4.188497e-02
1.345207e-02, 2.045673e-01, 4.184778e-02
1.346524e-02, 2.044766e-01, 4.181067e-02
1.347840e-02, 2.042432e-01, 4.171529e-02
1.349156e-02, 2.043649e-01, 4.176502e-02
1.350472e-02, 2.039575e-01, 4.159868e-02
1.351789e-02, 2.039764e-01, 4.160636e-02
1.353105e-02, 2.040464e-01, 4.163495e-02
1.354421e-02, 2.038397e-01, 4.155064e-02
1.355737e-02, 2.034370e-01, 4.138662e-02
1.357054e-02, 2.029726e-01, 4.119788e-02
1.358370e-02, 2.028885e-01, 4.116376e-02
1.359686e-02, 2.027979e-01, 4.112699e-02
1.361002e-02, 2.025665e-01, 4.103317e-02
1.362319e-02, 2.026044e-01, 4.104856e-02
1.363635e-02, 2.022112e-01, 4.088936e-02
1.364951e-02, 2.019284e-01, 4.077506e-02
1.366267e-02, 2.019675e-01, 4.079087e-02
1.367584e-02, 2.018285e-01, 4.073476e-02
1.368900e-02, 2.015430e-01, 4.061957e-02
1.370216e-02, 2.014571e-01, 4.058498e-02
1.371532e-02, 2.013570e-01, 4.054464e-02
1.372849e-02, 2.015462e-01, 4.062088e-02
1.374165e-02, 2.013891e-01, 4.055759e-02
1.375481e-02, 2.012024e-01, 4.048242e-02
1.376797e-02, 2.010133e-01, 4.040637e-02
1.378114e-02, 2.006402e-01, 4.025651e-02
1.379430e-02, 2.004363e-01, 4.017471e-02
1.380746e-02, 1.999988e-01, 3.999953e-02
1.382062e-02, 2.001812e-01, 4.007251e-02
1.383379e-02, 1.997827e-01, 3.991311e-02
1.384695e-02, 1.999316e-01, 3.997263e-02
1.386011e-02, 1.999392e-01, 3.997570e-02
1.387327e-02, 2.002226e-01, 4.008910e-02
1.388644e-02, 1.998084e-01, 3.992338e-02
1.389960e-02, 1.999694e-01, 3.998774e-02
1.391276e-02, 1.994271e-01, 3.977117e-02
1.392592e-02, 1.995551e-01, 3.982224e-02
1.393909e-02, 1.991565e-01, 3.966332e-02
1.395225e-02, 1.992206e-01, 3.968885e-02
1.396541e-02, 1.992290e-01, 3.969219e-02
1.397857e-02, 1.992763e-01, 3.971105e-02
1.399174e-02, 1.993087e-01, 3.972397e-02
1.400490e-02, 1.993851e-01, 3.975442e-02
1.401806e-02, 1.992693e-01, 3.970825e-02
1.403122e-02, 1.995900e-01, 3.983616e-02
1.404439e-02, 1.997944e-01, 3.991782e-02
1.405755e-02, 2.001174e-01, 4.004698e-02
1.407071e-02, 2.005883e-01, 4.023567e-02
1.408387e-02, 2.010764e-01, 4.043170e-02
1.409704e-02, 2.011680e-01, 4.046857e-02
1.411020e-02, 2.015344e-01, 4.061610e-02
1.412336e-02, 2.014523e-01, 4.058303e-02
1.413652e-02, 2.018582e-01, 4.074673e-02
1.414969e-02, 2.045086e-01, 4.182376e-02
1.416285e-02, 2.044869e-01, 4.181489e-02
1.417601e-02, 2.045591e-01, 4.184445e-02
1.418917e-02, 2.046792e-01, 4.189356e-02
1.420234e-02, 2.044559e-01, 4.180223e-02
1.421550e-02, 2.045351e-01, 4.183459e-02
1.422866e-02, 2.019687e-01, 4.079137e-02
1.424182e-02, 2.019770e-01, 4.079471e-02
1.425499e-02, 2.019661e-01, 4.079031e-02
1.426815e-02, 2.019203e-01, 4.077180e-02
1.428131e-02, 2.018963e-01, 4.076211e-02
1.429447e-02, 2.018447e-01, 4.074130e-02
1.430764e-02, 2.020580e-01, 4.082743e-02
1.432080e-02, 2.019275e-01, 4.077473e-02
1.433396e-02, 2.017131e-01, 4.068818e-02
1.434712e-02, 2.016656e-01, 4.066902e-02
1.436029e-02, 2.019118e-01, 4.076838e-02
1.437345e-02, 2.019485e-01, 4.078321e-02
1.438661e-02, 2.021449e-01, 4.086256e-02
1.439977e-02, 2.022087e-01, 4.088838e-02
1.441294e-02, 2.026294e-01, 4.105867e-02
1.442610e-02, 2.026767e-01, 4.107784e-02
1.443926e-02, 1.970469e-01, 3.882748e-02
1.445242e-02, 1.968696e-01, 3.875763e-02
1.446559e-02, 1.967757e-01, 3.872068e-02
1.447875e-02, 1.966191e-01, 3.865907e-02
1.449191e-02, 1.963581e-01, 3.855649e-02
1.450507e-02, 1.989132e-01, 3.956646e-02
1.451824e-02, 1.964709e-01, 3.860081e-02
1.453140e-02, 1.965191e-01, 3.861977e-02
1.454456e-02, 1.989975e-01, 3.960002e-02
1.455772e-02, 1.990096e-01, 3.960481e-02
1.457089e-02, 1.976950e-01, 3.908333e-02
1.458405e-02, 1.973666e-01, 3.895359e-02
1.459721e-02, 1.973550e-01, 3.894898e-02
1.461037e-02, 1.973775e-01, 3.895788e-02
1.462354e-02, 1.972208e-01, 3.889604e-02
1.463670e-02, 1.969228e-01, 3.877859e-02
1.464986e-02, 1.966712e-01, 3.867956e-02
1.466302e-02, 1.960527e-01, 3.843667e-02
1.467619e-02, 1.960552e-01, 3.843764e-02
1.468935e-02, 1.954647e-01, 3.820644e-02
1.470251e-02, 1.951771e-01, 3.809410e-02
1.471567e-02, 1.949648e-01, 3.801128e-02
1.472884e-02, 1.945737e-01, 3.785891e-02
1.474200e-02, 1.941740e-01, 3.770356e-02
1.475516e-02, 1.941008e-01, 3.767511e-02
1.476832e-02, 1.936088e-01, 3.748436e-02
1.478149e-02, 1.934056e-01, 3.740572e-02
1.479465e-02, 1.932129e-01, 3.733121e-02
1.480781e-02, 1.927960e-01, 3.717030e-02
1.482097e-02, 1.928006e-01, 3.717205e-02
1.483414e-02, 1.924060e-01, 3.702007e-02
1.484730e-02, 1.923477e-01, 3.699763e-02
1.486046e-02, 1.937055e-01, 3.752180e-02
1.487362e-02, 1.934444e-01, 3.742072e-02
1.488679e-02, 1.932656e-01, 3.735160e-02
1.489995e-02, 1.925771e-01, 3.708593e-02
1.491311e-02, 1.923815e-01, 3.701065e-02
1.492627e-02, 1.919756e-01, 3.685464e-02
1.493944e-02, 1.917834e-01, 3.678087e-02
1.495260e-02, 1.917198e-01, 3.675648e-02
1.496576e-02, 1.916120e-01, 3.671516e-02
1.497892e-02, 1.916906e-01, 3.674530e-02
1.499209e-02, 1.918744e-01, 3.681580e-02
1.500525e-02, 1.917844e-01, 3.678124e-02
1.501841e-02, 1.917439e-01, 3.676573e-02
1.503157e-02, 1.918575e-01, 3.680931e-02
1.504474e-02, 1.918977e-01, 3.682473e-02
1.505790e-02, 1.917257e-01, 3.675874e-02
1.507106e-02, 1.919619e-01, 3.684936e-02
1.508422e-02, 1.917809e-01, 3.677993e-02
1.509739e-02, 1.917659e-01, 3.677416e-02
1.511055e-02, 1.916367e-01, 3.672463e-02
1.512371e-02, 1.914867e-01, 3.666714e-02
1.513687e-02, 1.930221e-01, 3.725754e-02
1.515004e-02, 1.915366e-01, 3.668625e-02
1.516320e-02, 1.921263e-01, 3.691250e-02
1.517636e-02, 1.925482e-01, 3.707482e-02
1.518952e-02, 1.925253e-01, 3.706599e-02
1.520269e-02, 1.924197e-01, 3.702534e-02
1.521585e-02, 1.918796e-01, 3.681776e-02
1.522901e-02, 1.916224e-01, 3.671916e-02
1.524217e-02, 1.917274e-01, 3.675940e-02
1.525534e-02, 1.913519e-01, 3.661554e-02
1.526850e-02, 1.912372e-01, 3.657165e-02
1.528166e-02, 1.910454e-01, 3.649834e-02
1.529482e-02, 1.910247e-01, 3.649043e-02
1.530799e-02, 1.908127e-01, 3.640950e-02
1.532115e-02, 1.910244e-01, 3.649033e-02
1.533431e-02, 1.909768e-01, 3.647213e-02
1.534747e-02, 1.914702e-01, 3.666082e-02
1.536064e-02, 1.914408e-01, 3.664958e-02
1.537380e-02, 1.909247e-01, 3.645225e-02
1.538696e-02, 1.909972e-01, 3.647993e-02
1.540012e-02, 1.913641e-01, 3.662022e-02
1.541329e-02, 1.914503e-01, 3.665322e-02
1.542645e-02, 1.914650e-01, 3.665887e-02
1.543961e-02, 1.915302e-01, 3.668382e-02
1.545277e-02, 1.916095e-01, 3.671420e-02
1.546594e-02, 1.918408e-01, 3.680289e-02
1.547910e-02, 1.920963e-01, 3.690098e-02
1.549226e-02, 1.917549e-01, 3.676993e-02
1.550542e-02, 1.919678e-01, 3.685165e-02
1.551859e-02, 1.917659e-01, 3.677418e-02
1.553175e-02, 1.919427e-01, 3.684199e-02
1.554491e-02, 1.919621e-01, 3.684946e-02
1.555807e-02, 1.920600e-01, 3.688705e-02
1.557124e-02, 1.919683e-01, 3.685182e-02
1.558440e-02, 1.919052e-01, 3.682761e-02
1.559756e-02, 1.917419e-01, 3.676494e-02
1.561072e-02, 1.911105e-01, 3.652323e-02
1.562389e-02, 1.913085e-01, 3.659893e-02
1.563705e-02, 1.910287e-01, 3.649198e-02
1.565021e-02, 1.906901e-01, 3.636270e-02
1.566337e-02, 1.902844e-01, 3.620815e-02
1.567654e-02, 1.899527e-01, 3.608202e-02
1.568970e-02, 1.899489e-01, 3.608057e-02
1.570286e-02, 1.896562e-01, 3.596947e-02
1.571602e-02, 1.894476e-01, 3.589039e-02
1.572919e-02, 1.895267e-01, 3.592037e-02
1.574235e-02, 1.886923e-01, 3.560479e-02
1.575551e-02, 1.885954e-01, 3.556824e-02
1.576867e-02, 1.883090e-01, 3.546027e-02
1.578184e-02, 1.880375e-01, 3.535810e-02
1.579500e-02, 1.879760e-01, 3.533498e-02
1.580816e-02, 1.881573e-01, 3.540316e-02
1.582132e-02, 1.877479e-01, 3.524929e-02
1.583449e-02, 1.876367e-01, 3.520754e-02
1.584765e-02, 1.875764e-01, 3.518489e-02
1.586081e-02, 1.870756e-01, 3.499727e-02
1.587397e-02, 1.873500e-01, 3.510003e-02
1.588714e-02, 1.872318e-01, 3.505574e-02
1.590030e-02, 1.874286e-01, 3.512947e-02
1.591346e-02, 1.871948e-01, 3.504189e-02
1.592662e-02, 1.869999e-01, 3.496897e-02
1.593979e-02, 1.865298e-01, 3.479338e-02
1.595295e-02, 1.867439e-01, 3.487328e-02
1.596611e-02, 1.865237e-01, 3.479109e-02
1.597927e-02, 1.864577e-01, 3.476649e-02
1.599244e-02, 1.863661e-01, 3.473231e-02
1.600560e-02, 1.864476e-01, 3.476272e-02
1.601876e-02, 1.867871e-01, 3.488944e-02
1.603192e-02, 1.867194e-01, 3.486412e-02
1.604509e-02, 1.867932e-01, 3.489172e-02
1.605825e-02, 1.869403e-01, 3.494666e-02
1.607141e-02, 1.873760e-01, 3.510978e-02
1.608457e-02, 1.872002e-01, 3.504392e-02
1.609774e-02, 1.875502e-01, 3.517509e-02
1.611090e-02, 1.871836e-01, 3.503768e-02
1.612406e-02, 1.875197e-01, 3.516365e-02
1.613722e-02, 1.875206e-01, 3.516397e-02
1.615039e-02, 1.875000e-01, 3.515626e-02
1.616355e-02, 1.876908e-01, 3.522782e-02
1.617671e-02, 1.876317e-01, 3.520567e-02
1.618987e-02, 1.879906e-01, 3.534046e-02
1.620304e-02, 1.879911e-01, 3.534064e-02
1.621620e-02, 1.879304e-01, 3.531783e-02
1.622936e-02, 1.882187e-01, 3.542627e-02
1.624252e-02, 1.884444e-01, 3.551131e-02
1.625569e-02, 1.885482e-01, 3.555041e-02
1.626885e-02, 1.889770e-01, 3.571232e-02
1.628201e-02, 1.892778e-01, 3.582608e-02
1.629517e-02, 1.893525e-01, 3.585437e-02
1.630834e-02, 1.895421e-01, 3.592622e-02
1.632150e-02, 1.898669e-01, 3.604943e-02
1.633466e-02, 1.903385e-01, 3.622873e-02
1.634782e-02, 1.904958e-01, 3.628864e-02
1.636099e-02, 1.907600e-01, 3.638939e-02
1.637415e-02, 1.911933e-01, 3.655487e-02
1.638731e-02, 1.910655e-01, 3.650602e-02
1.640047e-02, 1.912266e-01, 3.656762e-02
1.641364e-02, 1.915359e-01, 3.668599e-02
1.642680e-02, 1.913519e-01, 3.661553e-02
1.643996e-02, 1.915726e-01, 3.670004e-02
1.645312e-02, 1.919237e-01, 3.683472e-02
1.646629e-02, 1.919652e-01, 3.685064e-02
1.647945e-02, 1.920400e-01, 3.687937e-02
1.649261e-02, 1.926658e-01, 3.712010e-02
1.650577e-02, 1.926149e-01, 3.710050e-02
1.651894e-02, 1.931104e-01, 3.729161e-02
1.653210e-02, 1.934712e-01, 3.743111e-02
1.654526e-02, 1.938454e-01, 3.757603e-02
1.655842e-02, 1.938072e-01, 3.756122e-02
1.657159e-02, 1.940268e-01, 3.764641e-02
1.658475e-02, 1.940265e-01, 3.764627e-02
1.659791e-02, 1.942911e-01, 3.774902e-02
1.661107e-02, 1.947200e-01, 3.791588e-02
1.662424e-02, 1.949644e-01, 3.801110e-02
1.663740e-02, 1.944266e-01, 3.780170e-02
1.665056e-02, 1.947205e-01, 3.791608e-02
1.666372e-02, 1.950104e-01, 3.802904e-02
1.667689e-02, 1.951964e-01, 3.810165e-02
1.669005e-02, 1.952617e-01, 3.812714e-02
1.670321e-02, 1.955326e-01, 3.823298e-02
1.671637e-02, 1.959439e-01, 3.839400e-02
1.672954e-02, 1.960766e-01, 3.844604e-02
1.674270e-02, 1.963099e-01, 3.853756e-02
1.675586e-02, 1.962715e-01, 3.852251e-02
1.676902e-02, 1.960936e-01, 3.845272e-02
1.678219e-02, 1.962256e-01, 3.850449e-02
1.679535e-02, 1.961598e-01, 3.847868e-02
1.680851e-02, 1.960450e-01, 3.843363e-02
1.682167e-02, 1.960332e-01, 3.842903e-02
1.683484e-02, 1.958041e-01, 3.833923e-02
1.684800e-02, 1.960340e-01, 3.842934e-02
1.686116e-02, 1.959669e-01, 3.840303e-02
1.687432e-02, 1.959123e-01, 3.838163e-02
1.688749e-02, 1.957388e-01, 3.831368e-02
1.690065e-02, 1.957333e-01, 3.831154e-02
1.691381e-02, 1.959162e-01, 3.838315e-02
1.692697e-02, 1.958956e-01, 3.837508e-02
1.694014e-02, 1.957105e-01, 3.830258e-02
1.695330e-02, 1.958246e-01, 3.834727e-02
1.696646e-02, 1.959174e-01, 3.838361e-02
1.697962e-02, 1.960240e-01, 3.842542e-02
1.699279e-02, 1.964903e-01, 3.860844e-02
1.700595e-02, 1.969495e-01, 3.878912e-02
1.701911e-02, 1.974410e-01, 3.898293e-02
1.703227e-02, 1.974439e-01, 3.898410e-02
1.704544e-02, 1.980839e-01, 3.923725e-02
1.705860e-02, 1.980640e-01, 3.922933e-02
1.707176e-02, 1.987541e-01, 3.950320e-02
1.708492e-02, 1.990063e-01, 3.960352e-02
1.709809e-02, 1.987963e-01, 3.951998e-02
1.711125e-02, 1.991413e-01, 3.965725e-02
1.712441e-02, 1.989334e-01, 3.957450e-02
1.713757e-02, 1.989417e-01, 3.957781e-02
1.715074e-02, 1.991948e-01, 3.967856e-02
1.716390e-02, 1.990151e-01, 3.960701e-02
1.717706e-02, 1.985896e-01, 3.943782e-02
1.719022e-02, 1.992300e-01, 3.969260e-02
1.720339e-02, 1.991968e-01, 3.967936e-02
1.721655e-02, 1.990507e-01, 3.962119e-02
1.722971e-02, 1.990950e-01, 3.963882e-02
1.724287e-02, 1.990932e-01, 3.963812e-02
1.725604e-02, 1.987218e-01, 3.949037e-02
1.726920e-02, 1.985953e-01, 3.944009e-02
1.728236e-02, 1.984283e-01, 3.937381e-02
1.729552e-02, 1.982371e-01, 3.929796e-02
1.730869e-02, 1.981842e-01, 3.927696e-02
1.732185e-02, 1.981683e-01, 3.927069e-02
1.733501e-02, 1.985596e-01, 3.942590e-02
1.734817e-02, 1.985036e-01, 3.940368e-02
1.736134e-02, 1.986610e-01, 3.946621e-02
1.737450e-02, 1.987484e-01, 3.950094e-02
1.738766e-02, 1.988125e-01, 3.952639e-02
1.740082e-02, 1.992165e-01, 3.968722e-02
1.741399e-02, 1.992331e-01, 3.969385e-02
1.742715e-02, 1.996194e-01, 3.984790e-02
1.744031e-02, 1.995957e-01, 3.983845e-02
1.745347e-02, 1.995829e-01, 3.983333e-02
1.746664e-02, 1.999033e-01, 3.996131e-02
1.747980e-02, 1.998395e-01, 3.993582e-02
1.749296e-02, 2.001009e-01, 4.004037e-02
1.750612e-02, 2.000968e-01, 4.003873e-02
1.751929e-02, 2.002836e-01, 4.011351e-02
1.753245e-02, 2.001079e-01, 4.004318e-02
1.754561e-02, 2.001609e-01, 4.006437e-02
1.755877e-02, 1.997006e-01, 3.988035e-02
1.757194e-02, 1.998538e-01, 3.994155e-02
1.758510e-02, 1.995822e-01, 3.983304e-02
1.759826e-02, 1.993207e-01, 3.972873e-02
1.761142e-02, 1.991626e-01, 3.966576e-02
1.762459e-02, 1.993025e-01, 3.972147e-02
1.763775e-02, 1.989721e-01, 3.958991e-02
1.765091e-02, 1.986054e-01, 3.944412e-02
1.766407e-02, 1.984137e-01, 3.936800e-02
1.767724e-02, 1.982324e-01, 3.929610e-02
1.769040e-02, 2.022221e-01, 4.089379e-02
1.770356e-02, 2.022528e-01, 4.090619e-02
1.771672e-02, 2.022099e-01, 4.088883e-02
1.772989e-02, 2.020692e-01, 4.083197e-02
1.774305e-02, 2.019855e-01, 4.079815e-02
1.775621e-02, 2.020775e-01, 4.083530e-02
1.776937e-02, 2.017914e-01, 4.071977e-02
1.778254e-02, 2.018528e-01, 4.074456e-02
1.779570e-02, 2.017121e-01, 4.068775e-02
1.780886e-02, 2.016647e-01, 4.066866e-02
1.782202e-02, 2.011362e-01, 4.045575e-02
1.783519e-02, 2.010592e-01, 4.042479e-02
1.784835e-02, 2.009829e-01, 4.039413e-02
1.786151e-02, 2.009812e-01, 4.039344e-02
1.787467e-02, 2.008486e-01, 4.034017e-02
1.788784e-02, 2.002748e-01, 4.011000e-02
1.790100e-02, 2.003206e-01, 4.012834e-02
1.791416e-02, 2.001290e-01, 4.005162e-02
1.792732e-02, 2.001598e-01, 4.006393e-02
1.794049e-02, 2.001355e-01, 4.005421e-02
1.795365e-02, 1.942425e-01, 3.773017e-02
1.796681e-02, 1.937359e-01, 3.753361e-02
1.797997e-02, 1.933728e-01, 3.739302e-02
1.799314e-02, 1.930829e-01, 3.728100e-02
1.800630e-02, 1.927416e-01, 3.714934e-02
1.801946e-02, 1.927328e-01, 3.714593e-02
1.803262e-02, 1.923183e-01, 3.698633e-02
1.804579e-02, 1.918295e-01, 3.679856e-02
1.805895e-02, 1.919291e-01, 3.683678e-02
1.807211e-02, 1.913001e-01, 3.659574e-02
1.808527e-02, 1.905994e-01, 3.632813e-02
1.809844e-02, 1.910579e-01, 3.650312e-02
1.811160e-02, 1.910872e-01, 3.651432e-02
1.812476e-02, 1.906086e-01, 3.633165e-02
1.813792e-02, 1.906558e-01, 3.634964e-02
1.815109e-02, 1.905621e-01, 3.631391e-02
1.816425e-02, 1.900496e-01, 3.611885e-02
1.817741e-02, 1.901432e-01, 3.615445e-02
1.819057e-02, 1.896025e-01, 3.594909e-02
1.820374e-02, 1.894978e-01, 3.590940e-02
1.821690e-02, 1.890731e-01, 3.574865e-02
1.823006e-02, 1.885601e-01, 3.555492e-02
1.824322e-02, 1.881426e-01, 3.539765e-02
1.825639e-02, 1.874855e-01, 3.515082e-02
1.826955e-02, 1.873900e-01, 3.511503e-02
1.828271e-02, 1.872338e-01, 3.505648e-02
1.829587e-02, 1.870588e-01, 3.499101e-02
1.830904e-02, 1.866616e-01, 3.484256e-02
1.832220e-02, 1.859094e-01, 3.456232e-02
1.833536e-02, 1.857570e-01, 3.450565e-02
1.834852e-02, 1.851669e-01, 3.428678e-02
1.836169e-02, 1.847629e-01, 3.413734e-02
1.837485e-02, 1.841783e-01, 3.392163e-02
1.838801e-02, 1.835089e-01, 3.367553e-02
1.840117e-02, 1.826575e-01, 3.336377e-02
1.841434e-02, 1.823269e-01, 3.324310e-02
1.842750e-02, 1.812118e-01, 3.283772e-02
1.844066e-02, 1.803476e-01, 3.252524e-02
1.845382e-02, 1.795329e-01, 3.223206e-02
1.846699e-02, 1.787404e-01, 3.194811e-02
1.848015e-02, 1.782877e-01, 3.178650e-02
1.849331e-02, 1.772292e-01, 3.141021e-02
1.850647e-02, 1.762841e-01, 3.107608e-02
1.851964e-02, 1.753172e-01, 3.073612e-02
1.853280e-02, 1.746930e-01, 3.051764e-02
1.854596e-02, 1.743436e-01, 3.039569e-02
1.855912e-02, 1.731868e-01, 2.999367e-02
1.857229e-02, 1.727829e-01, 2.985393e-02
1.858545e-02, 1.717715e-01, 2.950545e-02
1.859861e-02, 1.764383e-01, 3.113048e-02
1.861177e-02, 1.755939e-01, 3.083322e-02
1.862494e-02, 1.751940e-01, 3.069294e-02
1.863810e-02, 1.750016e-01, 3.062555e-02
1.865126e-02, 1.746195e-01, 3.049196e-02
1.866442e-02, 1.739983e-01, 3.027542e-02
1.867759e-02, 1.734840e-01, 3.009669e-02
1.869075e-02, 1.729975e-01, 2.992813e-02
1.870391e-02, 1.727270e-01, 2.983463e-02
1.871707e-02, 1.721673e-01, 2.964157e-02
1.873024e-02, 1.718016e-01, 2.951580e-02
1.874340e-02, 1.715224e-01, 2.941994e-02
1.875656e-02, 1.713746e-01, 2.936925e-02
1.876972e-02, 1.702682e-01, 2.899126e-02
1.878289e-02, 1.633930e-01, 2.669726e-02
1.879605e-02, 1.626389e-01, 2.645142e-02
1.880921e-02, 1.619742e-01, 2.623565e-02
1.882237e-02, 1.610057e-01, 2.592283e-02
1.883554e-02, 1.604385e-01, 2.574053e-02
1.884870e-02, 1.590816e-01, 2.530695e-02
1.886186e-02, 1.582225e-01, 2.503436e-02
1.887502e-02, 1.568942e-01, 2.461578e-02
1.888819e-02, 1.554923e-01, 2.417785e-02
1.890135e-02, 1.543829e-01, 2.383409e-02
1.891451e-02, 1.529411e-01, 2.339098e-02
1.892767e-02, 1.520901e-01, 2.313141e-02
1.894084e-02, 1.511232e-01, 2.283822e-02
1.895400e-02, 1.493951e-01, 2.231891e-02
1.896716e-02, 1.486248e-01, 2.208935e-02
1.898032e-02, 1.476221e-01, 2.179228e-02
1.899349e-02, 1.460298e-01, 2.132470e-02
1.900665e-02, 1.455155e-01, 2.117477e-02
1.901981e-02, 1.438825e-01, 2.070218e-02
1.903297e-02, 1.428715e-01, 2.041227e-02
1.904614e-02, 1.420237e-01, 2.017072e-02
1.905930e-02, 1.405822e-01, 1.976337e-02
1.907246e-02, 1.399910e-01, 1.959749e-02
1.908562e-02, 1.384737e-01, 1.917496e-02
1.909879e-02, 1.378159e-01, 1.899323e-02
1.911195e-02, 1.365363e-01, 1.864216e-02
1.912511e-02, 1.357982e-01, 1.844115e-02
1.913827e-02, 1.353417e-01, 1.831738e-02
1.915144e-02, 1.338524e-01, 1.791646e-02
1.916460e-02, 1.335526e-01, 1.783630e-02
1.917776e-02, 1.328950e-01, 1.766108e-02
1.919092e-02, 1.324867e-01, 1.755273e-02
1.920409e-02, 1.314078e-01, 1.726802e-02
1.921725e-02, 1.310430e-01, 1.717227e-02
1.923041e-02, 1.299483e-01, 1.688655e-02
1.924357e-02, 1.298658e-01, 1.686513e-02
1.925674e-02, 1.286965e-01, 1.656279e-02
1.926990e-02, 1.286879e-01, 1.656058e-02
1.928306e-02, 1.308659e-01, 1.712589e-02
1.929622e-02, 1.304246e-01, 1.701058e-02
1.930939e-02, 1.294638e-01, 1.676089e-02
1.932255e-02, 1.290992e-01, 1.666660e-02
1.933571e-02, 1.283713e-01, 1.647919e-02
1.934887e-02, 1.282117e-01, 1.643825e-02
1.936204e-02, 1.272411e-01, 1.619031e-02
1.937520e-02, 1.267373e-01, 1.606234e-02
1.938836e-02, 1.258122e-01, 1.582870e-02
1.940152e-02, 1.254065e-01, 1.572679e-02
1.941469e-02, 1.253389e-01, 1.570984e-02
1.942785e-02, 1.239815e-01, 1.537141e-02
1.944101e-02, 1.239368e-01, 1.536033e-02
1.945417e-02, 1.239230e-01, 1.535691e-02
1.946734e-02, 1.230971e-01, 1.515289e-02
1.948050e-02, 1.232018e-01, 1.517868e-02
1.949366e-02, 1.226759e-01, 1.504938e-02
1.950682e-02, 1.224743e-01, 1.499996e-02
1.951999e-02, 1.229631e-01, 1.511992e-02
1.953315e-02, 1.218698e-01, 1.485224e-02
1.954631e-02, 1.226544e-01, 1.504411e-02
1.955947e-02, 1.220150e-01, 1.488767e-02
1.957264e-02, 1.226728e-01, 1.504862e-02
1.958580e-02, 1.222300e-01, 1.494016e-02
1.959896e-02, 1.217435e-01, 1.482147e-02
1.961212e-02, 1.222110e-01, 1.493552e-02
1.962529e-02, 1.220193e-01, 1.488871e-02
1.963845e-02, 1.223693e-01, 1.497425e-02
1.965161e-02, 1.222520e-01, 1.494556e-02
1.966477e-02, 1.226561e-01, 1.504452e-02
1.967794e-02, 1.229644e-01, 1.512024e-02
1.969110e-02, 1.233725e-01, 1.522077e-02
1.970426e-02, 1.244293e-01, 1.548265e-02
1.971742e-02, 1.242938e-01, 1.544895e-02
1.973059e-02, 1.248895e-01, 1.559740e-02
1.974375e-02, 1.252913e-01, 1.569790e-02
1.975691e-02, 1.260570e-01, 1.589037e-02
1.977007e-02, 1.267325e-01, 1.606113e-02
1.978324e-02, 1.276921e-01, 1.630527e-02
1.979640e-02, 1.279411e-01, 1.636893e-02
1.980956e-02, 1.277700e-01, 1.632517e-02
1.982272e-02, 1.286997e-01, 1.656362e-02
1.983589e-02, 1.284423e-01, 1.649743e-02
1.984905e-02, 1.291521e-01, 1.668027e-02
1.986221e-02, 1.295783e-01, 1.679052e-02
1.987537e-02, 1.293417e-01, 1.672927e-02
1.988854e-02, 1.305663e-01, 1.704756e-02
1.990170e-02, 1.309234e-01, 1.714094e-02
1.991486e-02, 1.315934e-01, 1.731682e-02
1.992802e-02, 1.322394e-01, 1.748725e-02
1.994119e-02, 1.321953e-01, 1.747558e-02
1.995435e-02, 1.326443e-01, 1.759450e-02
1.996751e-02, 1.336783e-01, 1.786989e-02
1.998067e-02, 1.339401e-01, 1.793996e-02
1.999384e-02, 1.344112e-01, 1.806637e-02
2.000700e-02, 1.353211e-01, 1.831180e-02
2.002016e-02, 1.354191e-01, 1.833833e-02
2.003332e-02, 1.352920e-01, 1.830392e-02
2.004649e-02, 1.358175e-01, 1.844640e-02
2.005965e-02, 1.356865e-01, 1.841083e-02
2.007281e-02, 1.356200e-01, 1.839279e-02
2.008597e-02, 1.356629e-01, 1.840443e-02
2.009914e-02, 1.367775e-01, 1.870809e-02
2.011230e-02, 1.374546e-01, 1.889378e-02
2.012546e-02, 1.369424e-01, 1.875323e-02
2.013862e-02, 1.373821e-01, 1.887383e-02
2.015179e-02, 1.375664e-01, 1.892451e-02
2.016495e-02, 1.375817e-01, 1.892871e-02
2.017811e-02, 1.373540e-01, 1.886613e-02
2.019127e-02, 1.378617e-01, 1.900585e-02
2.020444e-02, 1.382704e-01, 1.911869e-02
2.021760e-02, 1.381259e-01, 1.907876e-02
2.023076e-02, 1.381609e-01, 1.908844e-02
2.024392e-02, 1.376296e-01, 1.894192e-02
2.025709e-02, 1.373772e-01, 1.887250e-02
2.027025e-02, 1.371412e-01, 1.880770e-02
2.028341e-02, 1.370565e-01, 1.878448e-02
2.029657e-02, 1.362323e-01, 1.855923e-02
2.030974e-02, 1.359373e-01, 1.847894e-02
2.032290e-02, 1.355784e-01, 1.838152e-02
2.033606e-02, 1.355493e-01, 1.837361e-02
2.034922e-02, 1.349066e-01, 1.819980e-02
2.036239e-02, 1.346430e-01, 1.812875e-02
2.037555e-02, 1.337934e-01, 1.790067e-02
2.038871e-02, 1.334693e-01, 1.781405e-02
2.040187e-02, 1.339067e-01, 1.793100e-02
2.041504e-02, 1.335738e-01, 1.784195e-02
2.042820e-02, 1.337149e-01, 1.787968e-02
2.044136e-02, 1.332587e-01, 1.775787e-02
2.045452e-02, 1.329400e-01, 1.767305e-02
2.046769e-02, 1.327367e-01, 1.761903e-02
2.048085e-02, 1.323189e-01, 1.750829e-02
2.049401e-02, 1.322428e-01, 1.748817e-02
2.050717e-02, 1.320929e-01, 1.744853e-02
2.052034e-02, 1.318609e-01, 1.738731e-02
2.053350e-02, 1.316072e-01, 1.732044e-02
2.054666e-02, 1.316150e-01, 1.732252e-02
2.055982e-02, 1.312958e-01, 1.723858e-02
2.057299e-02, 1.310445e-01, 1.717266e-02
2.058615e-02, 1.305206e-01, 1.703563e-02
2.059931e-02, 1.313644e-01, 1.725659e-02
2.061247e-02, 1.313877e-01, 1.726273e-02
2.062564e-02, 1.383098e-01, 1.912961e-02
2.063880e-02, 1.388872e-01, 1.928965e-02
2.065196e-02, 1.388768e-01, 1.928677e-02
2.066512e-02, 1.380980e-01, 1.907107e-02
2.067829e-02, 1.385721e-01, 1.920223e-02
2.069145e-02, 1.392456e-01, 1.938932e-02
2.070461e-02, 1.385855e-01, 1.920594e-02
2.071777e-02, 1.388553e-01, 1.928081e-02
2.073094e-02, 1.386424e-01, 1.922171e-02
2.074410e-02, 1.390965e-01, 1.934782e-02
2.075726e-02, 1.334615e-01, 1.781197e-02
2.077042e-02, 1.339374e-01, 1.793923e-02
2.078359e-02, 1.342907e-01, 1.803400e-02
2.079675e-02, 1.346724e-01, 1.813664e-02
2.080991e-02, 1.352088e-01, 1.828143e-02
2.082307e-02, 1.360826e-01, 1.851848e-02
2.083624e-02, 1.364673e-01, 1.862333e-02
2.084940e-02, 1.374977e-01, 1.890562e-02
2.086256e-02, 1.372625e-01, 1.884099e-02
2.087572e-02, 1.381926e-01, 1.909720e-02
2.088889e-02, 1.383412e-01, 1.913828e-02
2.090205e-02, 1.395903e-01, 1.948546e-02
2.091521e-02, 1.400811e-01, 1.962272e-02
2.092837e-02, 1.405825e-01, 1.976345e-02
2.094154e-02, 1.412559e-01, 1.995324e-02
2.095470e-02, 1.420672e-01, 2.018310e-02
2.096786e-02, 1.418502e-01, 2.012147e-02
2.098102e-02, 1.418828e-01, 2.013073e-02
2.099419e-02, 1.422853e-01, 2.024510e-02
2.100735e-02, 1.427127e-01, 2.036692e-02
2.102051e-02, 1.429373e-01, 2.043106e-02
2.103367e-02, 1.434968e-01, 2.059132e-02
2.104684e-02, 1.439545e-01, 2.072288e-02
2.106000e-02, 1.447224e-01, 2.094456e-02
2.107316e-02, 1.454190e-01, 2.114667e-02
2.108632e-02, 1.453944e-01, 2.113953e-02
2.109949e-02, 1.462218e-01, 2.138083e-02
2.111265e-02, 1.469406e-01, 2.159154e-02
2.112581e-02, 1.476643e-01, 2.180474e-02
2.113897e-02, 1.484979e-01, 2.205163e-02
2.115214e-02, 1.487132e-01, 2.211562e-02
2.116530e-02, 1.492462e-01, 2.227443e-02
2.117846e-02, 1.500575e-01, 2.251724e-02
2.119162e-02, 1.508355e-01, 2.275133e-02
2.120479e-02, 1.512030e-01, 2.286234e-02
2.121795e-02, 1.519740e-01, 2.309611e-02
2.123111e-02, 1.531444e-01, 2.345322e-02
2.124427e-02, 1.541543e-01, 2.376355e-02
2.125744e-02, 1.547528e-01, 2.394843e-02
2.127060e-02, 1.554577e-01, 2.416711e-02
2.128376e-02, 1.559301e-01, 2.431421e-02
2.129692e-02, 1.566650e-01, 2.454392e-02
2.131009e-02, 1.575013e-01, 2.480667e-02
2.132325e-02, 1.587437e-01, 2.519958e-02
2.133641e-02, 1.589267e-01, 2.525770e-02
2.134957e-02, 1.599256e-01, 2.557620e-02
2.136274e-02, 1.604626e-01, 2.574824e-02
2.137590e-02, 1.616517e-01, 2.613127e-02
2.138906e-02, 1.623272e-01, 2.635013e-02
2.140222e-02, 1.631902e-01, 2.663104e-02
2.141539e-02, 1.636388e-01, 2.677767e-02
2.142855e-02, 1.645210e-01, 2.706718e-02
2.144171e-02, 1.650553e-01, 2.724325e-02
2.145487e-02, 1.660010e-01, 2.755635e-02
2.146804e-02, 1.669947e-01, 2.788722e-02
2.148120e-02, 1.676108e-01, 2.809337e-02
2.149436e-02, 1.685050e-01, 2.839394e-02
2.150752e-02, 1.688940e-01, 2.852519e-02
2.152069e-02, 1.690946e-01, 2.859298e-02
2.153385e-02, 1.688441e-01, 2.850834e-02
2.154701e-02, 1.691200e-01, 2.860157e-02
2.156017e-02, 1.697241e-01, 2.880628e-02
2.157334e-02, 1.694726e-01, 2.872095e-02
2.158650e-02, 1.696125e-01, 2.876839e-02
2.159966e-02, 1.696779e-01, 2.879059e-02
2.161282e-02, 1.694675e-01, 2.871923e-02
2.162599e-02, 1.691572e-01, 2.861415e-02
2.163915e-02, 1.691869e-01, 2.862422e-02
2.165231e-02, 1.692528e-01, 2.864650e-02
2.166547e-02, 1.693771e-01, 2.868861e-02
2.167864e-02, 1.690634e-01, 2.858243e-02
2.169180e-02, 1.692738e-01, 2.865363e-02
2.170496e-02, 1.687762e-01, 2.848539e-02
2.171812e-02, 1.693124e-01, 2.866670e-02
2.173129e-02, 1.694817e-01, 2.872405e-02
2.174445e-02, 1.688122e-01, 2.849757e-02
2.175761e-02, 1.690047e-01, 2.856258e-02
2.177077e-02, 1.693212e-01, 2.866968e-02
2.178394e-02, 1.693138e-01, 2.866715e-02
2.179710e-02, 1.698867e-01, 2.886149e-02
2.181026e-02, 1.697597e-01, 2.881835e-02
2.182342e-02, 1.700251e-01, 2.890854e-02
2.183659e-02, 1.705121e-01, 2.907437e-02
2.184975e-02, 1.703858e-01, 2.903132e-02
2.186291e-02, 1.708268e-01, 2.918180e-02
2.187607e-02, 1.709081e-01, 2.920958e-02
2.188924e-02, 1.710902e-01, 2.927187e-02
2.190240e-02, 1.715105e-01, 2.941585e-02
2.191556e-02, 1.711810e-01, 2.930292e-02
2.192872e-02, 1.716753e-01, 2.947241e-02
2.194189e-02, 1.713095e-01, 2.934694e-02
2.195505e-02, 1.714249e-01, 2.938648e-02
2.196821e-02, 1.712939e-01, 2.934159e-02
2.198137e-02, 1.712811e-01, 2.933721e-02
2.199454e-02, 1.710414e-01, 2.925515e-02
2.200770e-02, 1.713633e-01, 2.936539e-02
2.202086e-02, 1.704625e-01, 2.905746e-02
2.203402e-02, 1.706204e-01, 2.911133e-02
2.204719e-02, 1.705231e-01, 2.907813e-02
2.206035e-02, 1.704129e-01, 2.904055e-02
2.207351e-02, 1.698435e-01, 2.884681e-02
2.208667e-02, 1.699867e-01, 2.889549e-02
2.209984e-02, 1.692928e-01, 2.866006e-02
2.211300e-02, 1.696009e-01, 2.876446e-02
2.212616e-02, 1.691727e-01, 2.861941e-02
2.213932e-02, 1.690834e-01, 2.858918e-02
2.215249e-02, 1.685758e-01, 2.841781e-02
2.216565e-02, 1.773423e-01, 3.145029e-02
2.217881e-02, 1.767886e-01, 3.125420e-02
2.219197e-02, 1.767810e-01, 3.125153e-02
2.220514e-02, 1.761799e-01, 3.103936e-02
2.221830e-02, 1.760622e-01, 3.099790e-02
2.223146e-02, 1.757141e-01, 3.087545e-02
2.224462e-02, 1.754822e-01, 3.079402e-02
2.225779e-02, 1.751112e-01, 3.066392e-02
2.227095e-02, 1.747069e-01, 3.052250e-02
2.228411e-02, 1.744157e-01, 3.042085e-02
2.229727e-02, 1.738048e-01, 3.020812e-02
2.231044e-02, 1.725931e-01, 2.978836e-02
2.232360e-02, 1.716271e-01, 2.945588e-02
2.233676e-02, 1.712181e-01, 2.931565e-02
2.234992e-02, 1.705851e-01, 2.909929e-02
2.236309e-02, 1.702546e-01, 2.898664e-02
2.237625e-02, 1.693200e-01, 2.866925e-02
2.238941e-02, 1.689981e-01, 2.856035e-02
2.240257e-02, 1.675560e-01, 2.807500e-02
2.241574e-02, 1.671448e-01, 2.793738e-02
2.242890e-02, 1.661960e-01, 2.762112e-02
2.244206e-02, 1.648910e-01, 2.718905e-02
2.245522e-02, 1.640686e-01, 2.691850e-02
2.246839e-02, 1.631123e-01, 2.660562e-02
2.248155e-02, 1.624357e-01, 2.638537e-02
2.249471e-02, 1.614105e-01, 2.605335e-02
2.250787e-02, 1.601504e-01, 2.564816e-02
2.252104e-02, 1.589311e-01, 2.525909e-02
2.253420e-02, 1.580345e-01, 2.497490e-02
2.254736e-02, 1.569691e-01, 2.463931e-02
2.256052e-02, 1.561144e-01, 2.437169e-02
2.257369e-02, 1.550357e-01, 2.403607e-02
2.258685e-02, 1.536466e-01, 2.360726e-02
2.260001e-02, 1.524363e-01, 2.323682e-02
2.261317e-02, 1.517164e-01, 2.301786e-02
2.262634e-02, 1.507927e-01, 2.273843e-02
2.263950e-02, 1.496570e-01, 2.239723e-02
2.265266e-02, 1.486754e-01, 2.210437e-02
2.266582e-02, 1.478737e-01, 2.186664e-02
2.267899e-02, 1.466072e-01, 2.149368e-02
2.269215e-02, 1.462549e-01, 2.139051e-02
2.270531e-02, 1.452442e-01, 2.109589e-02
2.271847e-02, 1.447248e-01, 2.094526e-02
2.273164e-02, 1.434374e-01, 2.057428e-02
2.274480e-02, 1.427743e-01, 2.038449e-02
2.275796e-02, 1.419986e-01, 2.016360e-02
2.277112e-02, 1.412412e-01, 1.994907e-02
2.278429e-02, 1.400623e-01, 1.961744e-02
2.279745e-02, 1.392746e-01, 1.939740e-02
2.281061e-02, 1.385678e-01, 1.920104e-02
2.282377e-02, 1.375873e-01, 1.893026e-02
2.283694e-02, 1.370199e-01, 1.877444e-02
2.285010e-02, 1.362147e-01, 1.855444e-02
2.286326e-02, 1.351231e-01, 1.825824e-02
2.287642e-02, 1.345575e-01, 1.810573e-02
2.288959e-02, 1.343133e-01, 1.804006e-02
2.290275e-02, 1.344489e-01, 1.807650e-02
2.291591e-02, 1.346311e-01, 1.812554e-02
2.292907e-02, 1.342818e-01, 1.803161e-02
2.294224e-02, 1.341867e-01, 1.800608e-02
2.295540e-02, 1.339712e-01, 1.794827e-02
2.296856e-02, 1.337410e-01, 1.788665e-02
2.298172e-02, 1.337152e-01, 1.787974e-02
2.299489e-02, 1.338163e-01, 1.790680e-02
2.300805e-02, 1.330058e-01, 1.769054e-02
2.302121e-02, 1.330881e-01, 1.771245e-02
2.303437e-02, 1.323898e-01, 1.752707e-02
2.304754e-02, 1.315439e-01, 1.730380e-02
2.306070e-02, 1.313107e-01, 1.724249e-02
2.307386e-02, 1.307929e-01, 1.710679e-02
2.308702e-02, 1.301383e-01, 1.693597e-02
2.310019e-02, 1.294115e-01, 1.674735e-02
2.311335e-02, 1.283744e-01, 1.648000e-02
2.312651e-02, 1.280934e-01, 1.640791e-02
2.313967e-02, 1.267744e-01, 1.607175e-02
2.315284e-02, 1.254523e-01, 1.573827e-02
2.316600e-02, 1.241812e-01, 1.542097e-02
2.317916e-02, 1.235595e-01, 1.526695e-02
2.319232e-02, 1.224014e-01, 1.498210e-02
2.320549e-02, 1.213365e-01, 1.472254e-02
2.321865e-02, 1.204094e-01, 1.449841e-02
2.323181e-02, 1.190988e-01, 1.418451e-02
2.324497e-02, 1.186052e-01, 1.406718e-02
2.325814e-02, 1.166934e-01, 1.361735e-02
2.327130e-02, 1.152330e-01, 1.327863e-02
2.328446e-02, 1.147475e-01, 1.316700e-02
2.329762e-02, 1.139407e-01, 1.298248e-02
2.331079e-02, 1.128001e-01, 1.272386e-02
2.332395e-02, 1.117492e-01, 1.248788e-02
2.333711e-02, 1.118535e-01, 1.251121e-02
2.335027e-02, 1.105880e-01, 1.222970e-02
2.336344e-02, 1.090548e-01, 1.189296e-02
2.337660e-02, 1.089029e-01, 1.185983e-02
2.338976e-02, 1.078618e-01, 1.163416e-02
2.340292e-02, 1.064612e-01, 1.133399e-02
2.341609e-02, 1.048415e-01, 1.099173e-02
2.342925e-02, 1.038750e-01, 1.079002e-02
2.344241e-02, 1.036376e-01, 1.074076e-02
2.345557e-02, 1.035198e-01, 1.071634e-02
2.346874e-02, 1.019482e-01, 1.039343e-02
2.348190e-02, 1.019613e-01, 1.039610e-02
2.349506e-02, 1.008684e-01, 1.017444e-02
2.350822e-02, 1.002765e-01, 1.005538e-02
2.352139e-02, 9.965575e-02, 9.931268e-03
2.353455e-02, 9.791978e-02, 9.588282e-03
2.354771e-02, 9.713618e-02, 9.435438e-03
2.356087e-02, 9.700933e-02, 9.410811e-03
2.357404e-02, 9.659041e-02, 9.329707e-03
2.358720e-02, 9.541129e-02, 9.103314e-03
2.360036e-02, 9.445945e-02, 8.922589e-03
2.361352e-02, 9.312422e-02, 8.672121e-03
2.362669e-02, 9.120797e-02, 8.318893e-03
2.363985e-02, 9.120277e-02, 8.317946e-03
2.365301e-02, 8.971261e-02, 8.048353e-03
2.366617e-02, 8.923051e-02, 7.962085e-03
2.367934e-02, 8.901893e-02, 7.924369e-03
2.369250e-02, 8.759255e-02, 7.672455e-03
2.370566e-02, 8.710431e-02, 7.587160e-03
2.371882e-02, 8.703797e-02, 7.575608e-03
2.373199e-02, 8.487260e-02, 7.203359e-03
2.374515e-02, 8.341024e-02, 6.957269e-03
2.375831e-02, 8.187237e-02, 6.703086e-03
2.377147e-02, 8.080101e-02, 6.528804e-03
2.378464e-02, 7.968007e-02, 6.348914e-03
2.379780e-02, 7.944363e-02, 6.311290e-03
2.381096e-02, 7.717786e-02, 5.956423e-03
2.382412e-02, 7.731320e-02, 5.977331e-03
2.383729e-02, 7.528515e-02, 5.667854e-03
2.385045e-02, 7.569673e-02, 5.729995e-03
2.386361e-02, 7.525984e-02, 5.664044e-03
2.387677e-02, 7.466903e-02, 5.575465e-03
2.388994e-02, 7.603211e-02, 5.780882e-03
2.390310e-02, 7.518236e-02, 5.652387e-03
2.391626e-02, 7.382995e-02, 5.450861e-03
2.392942e-02, 7.371130e-02, 5.433355e-03
2.394259e-02, 7.239725e-02, 5.241361e-03
2.395575e-02, 7.190182e-02, 5.169872e-03
2.396891e-02, 6.978777e-02, 4.870334e-03
2.398207e-02, 6.853747e-02, 4.697385e-03
2.399524e-02, 6.768197e-02, 4.580849e-03
2.400840e-02, 6.655348e-02, 4.429365e-03
2.402156e-02, 6.561006e-02, 4.304680e-03
2.403472e-02, 6.458195e-02, 4.170828e-03
2.404789e-02, 6.217357e-02, 3.865552e-03
2.406105e-02, 6.107216e-02, 3.729808e-03
2.407421e-02, 5.849527e-02, 3.421697e-03
2.408737e-02, 5.861036e-02, 3.435175e-03
2.410054e-02, 5.661833e-02, 3.205636e-03
2.411370e-02, 5.485194e-02, 3.008735e-03
2.412686e-02, 9.317440e-02, 8.681468e-03
2.414002e-02, 9.293130e-02, 8.636226e-03
2.415319e-02, 9.181029e-02, 8.429129e-03
2.416635e-02, 9.051928e-02, 8.193740e-03
2.417951e-02, 8.949335e-02, 8.009060e-03
2.419267e-02, 8.849817e-02, 7.831926e-03
2.420584e-02, 3.977851e-02, 1.582330e-03
2.421900e-02, 3.666135e-02, 1.344054e-03
2.423216e-02, 3.720124e-02, 1.383932e-03
2.424532e-02, 3.497876e-02, 1.223514e-03
2.425849e-02, 3.116337e-02, 9.711555e-04
2.427165e-02, 2.596707e-02, 6.742889e-04
2.428481e-02, 1.748188e-02, 3.056161e-04
2.429797e-02, 1.706438e-02, 2.911930e-04
2.431114e-02, 1.267810e-02, 1.607342e-04
2.432430e-02, 0.000000e+00, -5.563191e-05
2.433746e-02, 0.000000e+00, -1.478137e-04
2.435062e-02, 0.000000e+00, -3.551403e-04
2.436379e-02, 0.000000e+00, -5.272106e-04
2.437695e-02, 0.000000e+00, -6.333622e-04
2.439011e-02, 0.000000e+00, -6.870247e-04
2.440327e-02, 0.000000e+00, -8.528028e-04
2.441644e-02, 0.000000e+00, -1.140175e-03
2.442960e-02, 0.000000e+00, -1.281551e-03
2.444276e-02, 0.000000e+00, -1.269971e-03
2.445592e-02, 0.000000e+00, -1.358659e-03
2.446909e-02, 0.000000e+00, -1.442312e-03
2.448225e-02, 0.000000e+00, -1.719755e-03
2.449541e-02, 0.000000e+00, -1.745681e-03
2.450857e-02, 0.000000e+00, -1.982183e-03
2.452174e-02, 0.000000e+00, -2.046476e-03
2.453490e-02, 0.000000e+00, -2.407412e-03
2.454806e-02, 0.000000e+00, -2.365502e-03
2.456122e-02, 0.000000e+00, -2.373324e-03
2.457439e-02, 0.000000e+00, -2.634268e-03
2.458755e-02, 0.000000e+00, -2.952892e-03
2.460071e-02, 0.000000e+00, -3.167216e-03
2.461387e-02, 0.000000e+00, -3.404495e-03
2.462704e-02, 0.000000e+00, -3.562380e-03
2.464020e-02, 0.000000e+00, -3.656477e-03
2.465336e-02, 0.000000e+00, -3.899628e-03
2.466652e-02, 0.000000e+00, -3.861909e-03
2.467969e-02, 0.000000e+00, -4.023405e-03
2.469285e-02, 0.000000e+00, -4.062183e-03
2.470601e-02, 0.000000e+00, -4.020303e-03
2.471917e-02, 0.000000e+00, -4.193260e-03
2.473234e-02, 0.000000e+00, -4.230610e-03
2.474550e-02, 0.000000e+00, -4.019421e-03
2.475866e-02, 0.000000e+00, -4.020762e-03
2.477182e-02, 3.791977e-02, 1.437909e-03
2.478499e-02, 3.537080e-02, 1.251094e-03
2.479815e-02, 4.083397e-02, 1.667413e-03
2.481131e-02, 3.760674e-02, 1.414267e-03
2.482447e-02, 3.820122e-02, 1.459333e-03
2.483764e-02, 3.747909e-02, 1.404682e-03
2.485080e-02, 3.437567e-02, 1.181687e-03
2.486396e-02, 3.046063e-02, 9.278499e-04
2.487712e-02, 2.861544e-02, 8.188432e-04
2.489029e-02, 2.427032e-02, 5.890486e-04
2.490345e-02, 2.130290e-02, 4.538136e-04
2.491661e-02, 0.000000e+00, -5.395888e-03
2.492977e-02, 0.000000e+00, -5.794070e-03
2.494294e-02, 0.000000e+00, -5.911354e-03
2.495610e-02, 0.000000e+00, -6.130106e-03
2.496926e-02, 0.000000e+00, -6.451113e-03
2.498242e-02, 0.000000e+00, -6.586689e-03
2.499559e-02, 0.000000e+00, -6.803782e-03
2.500875e-02, 0.000000e+00, -7.039710e-03
2.502191e-02, 0.000000e+00, -7.217372e-03
2.503507e-02, 0.000000e+00, -7.588134e-03
2.504824e-02, 0.000000e+00, -7.924451e-03
2.506140e-02, 0.000000e+00, -8.111221e-03
2.507456e-02, 0.000000e+00, -8.324154e-03
2.508772e-02, 0.000000e+00, -8.570902e-03
2.510089e-02, 0.000000e+00, -8.808061e-03
2.511405e-02, 0.000000e+00, -9.042319e-03
2.512721e-02, 0.000000e+00, -9.298872e-03
2.514037e-02, 0.000000e+00, -9.495808e-03
2.515354e-02, 0.000000e+00, -9.412737e-03
2.516670e-02, 0.000000e+00, -9.396906e-03
2.517986e-02, 0.000000e+00, -9.437243e-03
2.519302e-02, 0.000000e+00, -9.615425e-03
2.520619e-02, 0.000000e+00, -9.767451e-03
2.521935e-02, 0.000000e+00, -9.791963e-03
2.523251e-02, 0.000000e+00, -9.963729e-03
2.524567e-02, 0.000000e+00, -1.015814e-02
2.525884e-02, 0.000000e+00, -1.019206e-02
2.527200e-02, 0.000000e+00, -1.033153e-02
2.528516e-02, 0.000000e+00, -1.051881e-02
2.529832e-02, 0.000000e+00, -1.072677e-02
2.531149e-02, 0.000000e+00, -1.074921e-02
2.532465e-02, 0.000000e+00, -1.090589e-02
2.533781e-02, 0.000000e+00, -1.107742e-02
2.535097e-02, 0.000000e+00, -1.118073e-02
2.536414e-02, 0.000000e+00, -1.127630e-02
2.537730e-02, 0.000000e+00, -1.154705e-02
2.539046e-02, 0.000000e+00, -1.162469e-02
2.540362e-02, 0.000000e+00, -1.182675e-02
2.541679e-02, 0.000000e+00, -1.189030e-02
2.542995e-02, 0.000000e+00, -1.201006e-02
2.544311e-02, 0.000000e+00, -1.213630e-02
2.545627e-02, 0.000000e+00, -1.225503e-02
2.546944e-02, 0.000000e+00, -1.232406e-02
2.548260e-02, 0.000000e+00, -1.212315e-02
2.549576e-02, 0.000000e+00, -1.232133e-02
2.550892e-02, 0.000000e+00, -1.238084e-02
2.552209e-02, 0.000000e+00, -1.226686e-02
2.553525e-02, 0.000000e+00, -1.226335e-02
2.554841e-02, 0.000000e+00, -1.218088e-02
2.556157e-02, 0.000000e+00, -1.198486e-02
2.557474e-02, 0.000000e+00, -1.191950e-02
2.558790e-02, 0.000000e+00, -1.200277e-02
2.560106e-02, 0.000000e+00, -1.198225e-02
2.561422e-02, 0.000000e+00, -1.198972e-02
2.562739e-02, 0.000000e+00, -1.200087e-02
2.564055e-02, 0.000000e+00, -1.185988e-02
2.565371e-02, 0.000000e+00, -1.199101e-02
2.566687e-02, 0.000000e+00, -1.196089e-02
2.568004e-02, 0.000000e+00, -1.203505e-02
2.569320e-02, 0.000000e+00, -1.190892e-02
2.570636e-02, 0.000000e+00, -1.176687e-02
2.571952e-02, 0.000000e+00, -1.176073e-02
2.573269e-02, 0.000000e+00, -1.176543e-02
2.574585e-02, 0.000000e+00, -1.178729e-02
2.575901e-02, 0.000000e+00, -1.180346e-02
2.577217e-02, 0.000000e+00, -1.166948e-02
2.578534e-02, 0.000000e+00, -1.190918e-02
2.579850e-02, 0.000000e+00, -1.161603e-02
2.581166e-02, 0.000000e+00, -1.171785e-02
2.582482e-02, 0.000000e+00, -1.155674e-02
2.583799e-02, 0.000000e+00, -1.164454e-02
2.585115e-02, 0.000000e+00, -1.171883e-02
2.586431e-02, 0.000000e+00, -1.149677e-02
2.587747e-02, 0.000000e+00, -1.134579e-02
2.589064e-02, 0.000000e+00, -1.114386e-02
2.590380e-02, 0.000000e+00, -1.130996e-02
2.591696e-02, 0.000000e+00, -1.108380e-02
2.593012e-02, 0.000000e+00, -1.094610e-02
2.594329e-02, 0.000000e+00, -1.119879e-02
2.595645e-02, 0.000000e+00, -1.125495e-02
2.596961e-02, 0.000000e+00, -1.117673e-02
2.598277e-02, 0.000000e+00, -1.115612e-02
2.599594e-02, 0.000000e+00, -1.110012e-02
2.600910e-02, 0.000000e+00, -1.097106e-02
2.602226e-02, 0.000000e+00, -1.085824e-02
2.603542e-02, 0.000000e+00, -1.066151e-02
2.604859e-02, 0.000000e+00, -1.079497e-02
2.606175e-02, 0.000000e+00, -1.069541e-02
2.607491e-02, 0.000000e+00, -1.055612e-02
2.608807e-02, 0.000000e+00, -1.049601e-02
2.610124e-02, 0.000000e+00, -1.043580e-02
2.611440e-02, 0.000000e+00, -1.027206e-02
2.612756e-02, 0.000000e+00, -9.965891e-03
2.614072e-02, 0.000000e+00, -1.001540e-02
2.615389e-02, 0.000000e+00, -9.848725e-03
2.616705e-02, 0.000000e+00, -9.923564e-03
2.618021e-02, 0.000000e+00, -9.740839e-03
2.619337e-02, 0.000000e+00, -9.607803e-03
2.620654e-02, 0.000000e+00, -9.383131e-03
2.621970e-02, 0.000000e+00, -9.466309e-03
2.623286e-02, 0.000000e+00, -9.366961e-03
2.624602e-02, 0.000000e+00, -9.187343e-03
2.625919e-02, 0.000000e+00, -9.215557e-03
2.627235e-02, 0.000000e+00, -9.177576e-03
2.628551e-02, 0.000000e+00, -9.076470e-03
2.629867e-02, 0.000000e+00, -9.013275e-03
2.631184e-02, 0.000000e+00, -8.977058e-03
2.632500e-02, 0.000000e+00, -8.892010e-03

